,store_id,revenue,mae_rev,percentage_error
0,1,4314.334710743801,1583.73,0.3670855661838442
1,2,4545.464876033057,1485.58,0.3268268572116882
2,3,8738.128099173553,1090.92,0.12484596101345535
3,4,8950.871900826447,1434.68,0.16028382663676977
4,5,3760.5785123966944,1350.31,0.35906975364261695
5,6,6971.576446280992,1765.09,0.25318376892239236
6,7,11336.431818181818,2513.26,0.22169762411212446
7,8,4602.051652892562,1330.58,0.2891275675195172
8,9,5997.309917355372,826.97,0.1378901559859138
9,10,5198.923553719008,1218.64,0.2344023695305648
10,11,9935.177685950413,1928.07,0.1940649740695159
11,12,9523.613636363636,1208.45,0.12688985989370918
12,13,6235.259345794392,2132.47,0.34200181287380216
13,14,6904.828512396694,943.2,0.13660006158105314
14,15,6241.448347107438,946.89,0.15170997937343028
15,16,9683.95867768595,1643.46,0.16970952217990218
16,17,7960.365702479339,1830.76,0.2299844088104885
17,18,5995.363636363636,715.22,0.11929551623224008
18,19,2340.3285123966944,503.87,0.21529883404445407
19,20,2785.6168224299067,555.98,0.19958954710612928
20,21,5040.572314049587,1245.84,0.24716240981752613
21,22,5576.558411214954,1671.52,0.29974042711332943
22,23,5096.417355371901,919.93,0.18050523256898177
23,24,11738.398760330578,1492.74,0.12716725939185605
24,25,4036.03305785124,755.93,0.1872952944549103
25,26,5005.824380165289,736.51,0.14713061107742675
26,27,11860.971074380166,3116.22,0.26272890983867847
27,28,6689.138429752066,1531.3,0.22892335329600255
28,29,5372.365702479339,977.84,0.18201292580449768
29,30,4450.493801652892,1192.46,0.26793880705038303
30,31,7355.105371900827,1411.95,0.1919686977421373
31,32,3390.7032710280373,1726.79,0.5092719303262563
32,33,3051.404958677686,514.31,0.16854858891717672
33,34,10204.878099173553,2527.14,0.24764039074652558
34,35,12342.952479338843,1967.41,0.15939541234508467
35,36,7899.978971962617,1680.46,0.21271702190145425
36,37,6529.923553719008,1255.13,0.19221205113269083
37,38,5108.024793388429,1201.31,0.23518092581596614
38,39,4591.198347107438,1567.62,0.3414402692899637
39,40,4505.020661157025,1448.97,0.32163448494104374
40,41,6755.52570093458,1796.88,0.265986701782722
41,42,9367.059917355371,2063.36,0.22027829630693282
42,43,6392.880165289256,1129.03,0.17660740868101588
43,44,4692.109504132231,1286.05,0.27408780610670014
44,45,6724.111570247934,2028.76,0.3017142084579056
45,46,1950.892523364486,743.42,0.3810666098191338
46,47,8926.623966942148,1170.95,0.13117501132974393
47,48,3633.2334710743803,1770.42,0.48728495267232874
48,49,6753.126033057852,1125.7,0.16669317209385429
49,50,3966.3305785123966,2033.04,0.5125745219054604
50,51,8443.016355140187,1525.12,0.18063686434428053
51,52,9078.740654205607,1348.45,0.1485283093063517
52,53,4438.623966942148,1640.44,0.3695830086571019
53,54,7398.966942148761,1548.07,0.209227857362263
54,55,4168.537190082645,1927.22,0.46232525035042116
55,56,2653.818181818182,529.59,0.19955775554946562
56,57,13203.165289256198,2261.78,0.17130589146229025
57,58,8070.679906542056,1284.92,0.15920839568404266
58,59,6882.31611570248,2047.02,0.2974318478817883
59,60,9998.179752066115,2742.7,0.27431993302913193
60,61,5807.270661157025,1540.9,0.2653397938392276
61,62,8158.626033057852,1091.64,0.13380194110831842
62,63,8750.42561983471,1332.42,0.15226916471123247
63,64,12926.859504132231,1860.59,0.14393209730524564
64,65,6418.923553719008,1937.7,0.3018730451895368
65,66,5718.584710743801,930.86,0.16277803811337185
66,67,7256.774793388429,1711.27,0.23581688128989753
67,68,9480.894628099173,1822.61,0.19224029709160637
68,69,11912.320247933885,2444.61,0.2052169475903741
69,70,6104.219008264463,693.9,0.11367547577512098
70,71,6572.888429752066,1315.31,0.20011141434354368
71,72,4107.044392523365,1991.11,0.4848036226792921
72,73,5715.204545454545,2194.16,0.38391626800917805
73,74,5213.376033057852,895.01,0.17167570386727718
74,75,7700.489669421488,1786.84,0.2320423864855648
75,76,7428.565420560748,2016.34,0.2714306041404958
76,77,9541.710743801654,1723.85,0.18066466761422442
77,78,3077.1673553719006,1587.21,0.5158023001996175
78,79,6821.971074380165,1234.48,0.18095649872161956
79,80,7068.952479338843,1493.52,0.2112788287041489
80,81,8689.530373831776,1467.71,0.16890556069864932
81,82,11286.400826446281,1722.74,0.1526385626818496
82,83,4899.940082644628,1567.87,0.3199773820813292
83,84,10853.076446280991,2158.86,0.19891687031650584
84,85,11461.198347107438,3802.02,0.3317297096563684
85,86,4360.030991735537,1637.47,0.3755638441799688
86,87,7490.398760330579,1469.75,0.19621785795755614
87,88,5073.855371900827,1030.76,0.2031512379537623
88,89,5459.7990654205605,720.62,0.13198654224548678
89,90,7139.667355371901,1433.29,0.20075024908850822
90,91,6976.035123966943,2234.4,0.32029655245333716
91,92,2154.935950413223,573.54,0.2661517619073643
92,93,3974.9256198347107,1181.49,0.29723575055201407
93,94,8905.489669421488,939.44,0.10548998818399924
94,95,2775.3264462809916,582.85,0.2100113306602306
95,96,4302.376033057852,1588.84,0.3692936153864624
96,97,8411.601239669422,1189.18,0.1413737962745765
97,98,6445.239669421488,2192.36,0.3401518193964666
98,99,3688.61214953271,1519.73,0.4120059085617137
99,100,6531.165887850468,1105.47,0.1692607444034516
100,101,6241.826446280992,910.45,0.14586275472982188
101,102,5930.3140495867765,954.38,0.16093245518194793
102,103,4455.456611570248,1863.42,0.41823322780451677
103,104,9495.44214876033,1817.14,0.1913697089121053
104,105,3103.706611570248,1978.54,0.6374764910524207
105,106,10867.712809917355,1837.83,0.16910917983799537
106,107,2642.9504132231405,406.32,0.1537372770851509
107,108,14016.420560747663,2773.9,0.19790359371551525
108,109,5914.929752066116,873.15,0.1476179830698757
109,110,5839.256198347108,1944.22,0.33295679003609086
110,111,5794.586776859504,616.47,0.10638722375542863
111,112,7707.896694214876,1321.19,0.17140733100271216
112,113,8701.904205607476,1878.41,0.21586194878927298
113,114,3978.6074380165287,1194.63,0.30026335058468695
114,115,6276.6355140186915,941.45,0.14999277843954736
115,116,9214.004132231405,1528.78,0.16591917889988694
116,117,4838.138429752066,1913.97,0.3956005037454215
117,118,6579.130165289256,1048.44,0.1593584522056503
118,119,5504.925619834711,786.72,0.14291201268285653
119,120,6028.911157024793,965.26,0.16010519559162753
120,121,4086.5,1937.33,0.4740805089930258
121,122,5927.599173553719,1475.0,0.24883598853660457
122,123,7669.423553719008,2233.74,0.29125265860650357
123,124,4200.198347107438,1759.2,0.4188373630525123
124,125,11194.935950413223,1844.8,0.1647887945202496
125,126,5887.597107438017,865.18,0.14694959322318207
126,127,6621.705607476635,1543.26,0.23306079905719299
127,128,9213.299586776859,1559.44,0.1692596648260678
128,129,7693.046728971963,2137.04,0.27778851153365824
129,130,3619.6838842975208,1375.4,0.37997793287049064
130,131,6564.842975206611,1843.82,0.2808627726456733
131,132,2318.5630841121497,510.15,0.220028518307645
132,133,8394.929752066115,1183.02,0.14092077419812138
133,134,4459.254132231405,1553.29,0.3483295533153962
134,135,7526.452479338843,1439.68,0.19128267984845737
135,136,3949.3808411214955,1133.69,0.28705512220950286
136,137,6665.17523364486,1589.67,0.2385038568791967
137,138,9171.123966942148,2392.66,0.26089059624801525
138,139,3198.8808411214955,1760.1,0.5502236836627296
139,140,2691.6776859504134,328.97,0.12221745631622417
140,141,6887.146694214876,1513.63,0.2197760650679086
141,142,4289.69214876033,1623.96,0.37857262099083383
142,143,7874.1177685950415,1101.12,0.13984042814189074
143,144,6386.0373831775705,860.22,0.13470325154469592
144,145,9870.628504672897,1784.05,0.18074330313975498
145,146,5841.688016528926,852.61,0.14595267627910957
146,147,10295.043388429753,1308.88,0.12713690954144066
147,148,6399.745867768595,1080.6,0.16885045474106827
148,149,5191.098130841122,1027.49,0.19793307198250057
149,150,7788.859504132231,2038.79,0.261757192939269
150,151,8408.911157024793,1838.66,0.21865613343577617
151,152,5138.264462809917,936.75,0.18230863879819215
152,153,6473.012396694215,1374.73,0.21237870650488455
153,154,10895.88223140496,2112.65,0.19389434973064926
154,155,6454.193925233645,950.79,0.147313515988843
155,156,8697.107438016528,1921.57,0.22094357390601987
156,157,5349.303719008264,554.79,0.10371256319371139
157,158,10342.535123966942,2213.08,0.2139784853011125
158,159,9739.163551401869,1780.08,0.18277544992493455
159,160,7215.737603305785,1076.67,0.14921135706303112
160,161,9108.855371900827,1450.94,0.15928894913359673
161,162,7249.719008264463,1631.1,0.22498803031408454
162,163,6185.400826446281,1300.82,0.21030488346660056
163,164,7917.719626168225,1185.02,0.14966683034386374
164,165,3340.376168224299,1672.38,0.5006561883385175
165,166,5220.283057851239,968.74,0.18557231270113358
166,167,11566.130165289256,1694.2,0.146479416692405
167,168,9408.419421487602,1640.04,0.17431620833722214
168,169,6088.679752066116,1514.38,0.24872058667334485
169,170,6397.675619834711,1782.28,0.2785824267917551
170,171,7794.977272727273,1986.13,0.2547961245440683
171,172,6379.586448598131,1324.84,0.20766863348816664
172,173,10560.896694214876,1841.94,0.17441132636104575
173,174,5576.834112149532,1050.43,0.18835597022898048
174,175,7394.871900826446,1058.85,0.14318706452260024
175,176,4368.572314049587,1530.0,0.35022883679398636
176,177,5079.735537190083,1504.47,0.2961709303536333
177,178,9275.853305785124,1753.45,0.18903382170850158
178,179,9127.793388429753,1521.5,0.16668869848967324
179,180,6801.177685950413,809.85,0.1190749657479107
180,181,2326.9182242990655,393.63,0.1691636585632796
181,182,6710.739669421488,1734.61,0.25848268379475603
182,183,5993.383177570094,2205.36,0.367965794053255
183,184,8342.669421487602,1056.48,0.12663572612369153
184,185,9098.19214876033,1728.25,0.18995531988577333
185,186,4680.539719626168,1496.02,0.3196255324416916
186,187,7925.402892561983,1387.15,0.17502580232253492
187,188,3701.336776859504,1549.98,0.41876221847478606
188,189,11161.745867768595,2185.93,0.19584122644399543
189,190,6732.502336448598,1036.17,0.15390562798476218
190,191,2509.8644859813085,559.64,0.22297618183206078
191,192,11514.630841121496,3236.67,0.28109194681613925
192,193,4982.438016528926,1110.0,0.22278250051834958
193,194,6047.130165289256,1834.7,0.3034001170557306
194,195,13475.357438016528,2640.61,0.1959584383676785
195,196,6538.719008264463,1819.97,0.2783373926452094
196,197,6274.369834710744,778.07,0.12400767256268534
197,198,3600.628099173554,1603.76,0.4454111771132676
198,199,2877.2871900826444,421.72,0.1465686155534189
199,200,7317.051652892562,1510.74,0.2064684071763765
200,201,4836.964876033057,1369.48,0.2831279604252889
201,202,7570.295454545455,1106.49,0.1461620628473129
202,203,2369.9628099173556,514.47,0.21707935578024554
203,204,6858.792056074766,1395.95,0.20352709173674693
204,205,8420.911157024793,1173.72,0.13938159162513825
205,206,6644.152892561983,1122.2,0.168900387776489
206,207,14052.851239669422,2189.53,0.15580681547522782
207,208,3807.5185950413224,1650.29,0.4334292686447378
208,209,5497.438016528926,1522.31,0.27691262646762577
209,210,3940.2623966942147,1449.27,0.367810529881437
210,211,16449.663223140495,2419.72,0.14709845224041238
211,212,6059.086776859504,1640.84,0.27080648626235165
212,213,10309.778925619834,1270.43,0.12322572667809369
213,214,7978.611570247934,1697.21,0.21271996826225487
214,215,7923.471962616823,1236.55,0.15606163634251244
215,216,6669.698347107438,1133.88,0.17000469001596588
216,217,4419.254132231405,1442.92,0.326507586308785
217,218,4593.551401869159,1587.45,0.3455822872372892
218,219,3925.278925619835,1942.57,0.4948871244081723
219,220,3613.473140495868,1526.52,0.42245228915428423
220,221,5402.033057851239,907.11,0.1679201127215649
221,222,4248.869834710744,1608.87,0.3786583403559429
222,223,6695.002066115702,1295.16,0.19345177002333985
223,224,6149.561983471074,962.46,0.1565087078700761
224,225,4799.925619834711,1393.81,0.29038158304794665
225,226,5386.3450413223145,772.25,0.14337180297131827
226,227,5625.280991735537,1006.83,0.17898305906481807
227,228,10020.530991735537,1611.56,0.16082580866514348
228,229,10882.65909090909,1834.04,0.16852866424273816
229,230,5712.506198347108,979.15,0.17140462802181525
230,231,4396.719626168225,1359.5,0.3092077993576349
231,232,3145.8553719008264,2135.54,0.6788423965942333
232,233,8806.735537190083,1543.57,0.17527152864777615
233,234,9355.648760330578,1780.44,0.19030641761043293
234,235,7461.94214876033,1491.16,0.19983537399143866
235,236,6009.628099173554,1053.32,0.17527207717643176
236,237,3868.878099173554,1801.99,0.465765514913724
237,238,6961.545454545455,1315.53,0.18897097039581073
238,239,6378.243801652892,1592.77,0.2497192094769474
239,240,6122.876033057852,1525.17,0.24909372519801098
240,241,2397.8615702479337,341.67,0.14248945987514702
241,242,5139.989669421488,1673.99,0.32567964289087953
242,243,2530.5116822429904,434.17,0.17157399550716998
243,244,4432.830578512397,1405.55,0.3170773110105384
244,245,11248.252066115703,1809.53,0.1608721061160283
245,246,9021.481404958678,1121.5,0.12431439468284719
246,247,6207.661157024793,1049.6,0.1690813936924115
247,248,10279.971074380166,1483.49,0.14430877181134943
248,249,4883.75826446281,1170.84,0.23974159583608848
249,250,10717.729338842975,1857.99,0.173356682302688
250,251,15890.857438016528,2593.71,0.16322026738437237
251,252,13460.316115702479,2291.57,0.17024637313879354
252,253,5260.295454545455,1205.58,0.2291848453033661
253,254,3788.0165289256197,1381.99,0.3648320933784226
254,255,7989.48347107438,1284.57,0.1607826093702724
255,256,8979.429752066115,2296.37,0.2557367297707985
256,257,6833.690082644628,1659.48,0.24283805380851917
257,258,4444.502336448598,629.52,0.14164015503770017
258,259,17973.97314049587,2893.92,0.16100613800740118
259,260,8419.429752066115,1463.67,0.17384431524484395
260,261,15562.03305785124,2010.93,0.1292202627076069
261,262,32465.07438016529,4912.85,0.15132723684753152
262,263,4610.401869158878,1901.86,0.41251501582159805
263,264,8895.177685950413,2035.92,0.22887907042212954
264,265,1779.400826446281,931.2,0.5233222251895545
265,266,4053.340909090909,1415.49,0.34921563020404045
266,267,3264.0475206611573,653.54,0.20022380062273742
267,268,2673.0723140495866,2091.09,0.7822796222194569
268,269,11756.770661157025,2633.49,0.22399773508389836
269,270,8635.611570247935,2173.81,0.2517262364473844
270,271,7148.826446280992,2077.32,0.2905819599356307
271,272,5747.764462809917,889.05,0.15467752823771225
272,273,8907.448347107438,1130.46,0.12691176596798343
273,274,6347.785123966943,2754.57,0.4339419098481673
274,275,9203.579439252337,1723.22,0.18723367482988637
275,276,5128.080578512397,1744.59,0.3402033125825194
276,277,7966.0163551401865,1168.7,0.14671072062837023
277,278,5759.324380165289,733.13,0.12729444490483094
278,279,6768.165887850468,1627.85,0.240515676916571
279,280,7920.212809917355,1212.9,0.15313982453618646
280,281,3868.3429752066118,1213.78,0.31377259146344716
281,282,4179.923553719008,1765.28,0.4223235131727171
282,283,6582.827102803738,1333.49,0.2025710198938757
283,284,4036.4369158878503,1053.62,0.2610272430749105
284,285,3890.9979338842977,1615.55,0.41520196809439885
285,286,4515.900826446281,1346.49,0.2981664238759645
286,287,10380.752336448599,3350.16,0.32272805394239246
287,288,4652.093457943925,1193.49,0.25654901622021237
288,289,8099.9359504132235,1089.77,0.13454057003307596
289,290,6530.512396694215,1134.58,0.17373521878227063
290,291,9837.099173553719,2354.57,0.2393561311580633
291,292,4905.305785123967,1034.24,0.2108410862247322
292,293,7810.113636363636,878.49,0.1124810778565089
293,294,7262.873966942148,1405.36,0.19349915837678947
294,295,6722.818181818182,1489.37,0.22153953293396977
295,296,6460.105371900827,869.79,0.13464021868486523
296,297,6425.601239669421,889.07,0.13836370587567617
297,298,7723.647196261682,2207.79,0.28584811603883087
298,299,5628.739669421488,1777.39,0.31577051069812173
299,300,8988.454545454546,1580.41,0.17582666653181353
300,301,6978.311983471074,1517.77,0.21749815766262828
301,302,4705.23347107438,1934.27,0.411089059000155
302,303,5114.609504132231,807.37,0.15785564848063258
303,304,6548.832644628099,899.59,0.13736646648588877
304,305,4466.05785123967,1702.13,0.3811258287949696
305,306,4447.126168224299,786.87,0.17693898716487072
306,307,2483.535123966942,1624.99,0.6543052217455291
307,308,4542.979338842975,630.42,0.1387679654648304
308,309,8695.663223140496,1126.29,0.12952318541991933
309,310,12082.332644628099,3535.7,0.29263388982855065
310,311,6092.2768595041325,615.67,0.10105745589016306
311,312,6934.270661157025,1344.16,0.19384302483741223
312,313,8899.809917355371,1275.91,0.14336373606270728
313,314,6469.615702479339,1838.06,0.2841065195411226
314,315,3641.365702479339,1453.94,0.3992842572801845
315,316,3570.7376033057853,682.32,0.1910865697239441
316,317,6825.205607476635,1796.68,0.26324188652014185
317,318,9308.985537190083,1487.7,0.1598133324041088
318,319,9829.13223140496,1641.0,0.16695268324469761
319,320,18399.721074380166,2557.37,0.13898960694360146
320,321,5531.940082644628,931.98,0.16847254056924868
321,322,6261.855371900827,1520.44,0.24280982387788055
322,323,9229.47520661157,1420.63,0.15392316119797647
323,324,2057.8884297520663,757.56,0.3681249134051794
324,325,8169.268595041322,906.48,0.11096219807856798
325,326,6283.18388429752,2108.78,0.3356228368980432
326,327,9581.712809917355,1863.66,0.19450175944232612
327,328,4097.888429752066,1499.51,0.36592260275146743
328,329,8601.537190082645,1376.48,0.16002721020459537
329,330,5321.818181818182,2525.82,0.4746159890673044
330,331,4370.0413223140495,826.01,0.18901651931350763
331,332,4683.278925619835,1818.32,0.3882578912934049
332,333,8287.078512396694,1713.37,0.2067519931706884
333,334,6721.76652892562,1569.62,0.2335130197166907
334,335,19959.55991735537,2648.9,0.13271334693590667
335,336,13009.545454545454,2411.41,0.185356975647252
336,337,3573.8243801652893,1658.5,0.46406869044955545
337,338,9127.072314049587,1391.06,0.15241031868003257
338,339,1841.9380165289256,841.68,0.4569534872764717
339,340,5417.861570247934,833.98,0.1539315815265164
340,341,6956.419421487603,1476.36,0.2122298715111525
341,342,9428.336448598131,1435.6,0.15226440081202816
342,343,9082.150826446281,1291.73,0.1422273230960464
343,344,10869.549586776859,1992.61,0.18332038361774175
344,345,4186.964953271028,1771.47,0.42309167135876197
345,346,8624.268595041322,1347.94,0.15629615255431892
346,347,5951.6859504132235,1871.17,0.31439326866198064
347,348,10368.046728971962,3253.51,0.31380163352355955
348,349,9442.917355371901,2008.01,0.2126472068356799
349,350,8848.863636363636,1082.96,0.12238407602414281
350,351,5094.9049586776855,897.45,0.1761465635333306
351,352,8477.904958677685,918.74,0.10836875436538246
352,353,5113.690082644628,1508.38,0.29496899022474915
353,354,7789.334710743801,2728.56,0.3502943577757041
354,355,11527.219008264463,2178.67,0.1890022214757955
355,356,5258.638429752066,1009.87,0.19204020460627358
356,357,9544.551652892562,1491.76,0.15629440273896036
357,358,5109.206611570248,606.73,0.11875229289534045
358,359,2465.6528925619837,504.25,0.2045097270265197
359,360,2524.8512396694214,340.34,0.13479606031940347
360,361,5044.289256198347,847.4,0.16799195227726632
361,362,11504.772727272728,1645.98,0.14306931905730821
362,363,2606.75826446281,263.55,0.10110258538081639
363,364,4163.5495867768595,1598.12,0.38383594735499643
364,365,4567.941588785046,1379.58,0.3020134940838708
365,366,2228.214876033058,573.41,0.25734053127804934
366,367,4906.8140495867765,1272.07,0.25924560970618526
367,368,12163.473140495867,2853.11,0.23456376045268987
368,369,6404.9504132231405,1024.87,0.1600121677576358
369,370,7046.727272727273,1595.71,0.2264469644193307
370,371,5171.762396694215,650.57,0.12579270857761055
371,372,11094.514462809917,1566.78,0.14122114178606246
372,373,5660.592975206611,1879.93,0.3321083159015479
373,374,8885.064049586777,1455.1,0.16376921898133903
374,375,8330.101239669422,1733.87,0.20814512934644813
375,376,10543.997933884297,1835.87,0.1741151706887413
376,377,7248.739669421488,1444.44,0.19926774389392285
377,378,7844.673553719008,1203.68,0.1534391446320107
378,379,5003.2004132231405,1397.68,0.2793571883121093
379,380,18622.727272727272,2998.32,0.16100327068586773
380,381,7565.512396694215,1958.24,0.258837722723931
381,382,5932.975206611571,1043.38,0.17586117650336403
382,383,16118.390495867769,1667.8,0.10347186962789924
383,384,7270.256198347108,1776.64,0.24437103061153734
384,385,6852.427570093458,1027.84,0.14999647781552278
385,386,9958.572314049587,2500.12,0.2510520505507423
386,387,8282.578512396694,2112.55,0.2550594596644156
387,388,12891.419421487602,2448.69,0.18994727577620263
388,389,9547.070247933885,2054.02,0.2151466310247919
389,390,10874.811983471074,2033.23,0.18696691060869486
390,391,4757.537190082645,1245.22,0.26173626190368654
391,392,9178.103305785124,1717.98,0.1871824649126717
392,393,7422.706611570248,1129.13,0.15211836585861455
393,394,7042.380165289256,1917.81,0.27232412266701717
394,395,3233.2623966942147,1341.08,0.4147761101515178
395,396,9329.576446280991,2213.75,0.2372830120152408
396,397,5053.644628099173,1218.97,0.2412061175062266
397,398,6861.797520661157,1890.42,0.275499239712024
398,399,2008.1845794392523,729.28,0.3631538691546161
399,400,7338.679752066116,1572.11,0.21422245596115452
400,401,5835.144628099173,1198.28,0.20535566406180844
401,402,4164.231404958678,1047.23,0.25148218198272576
402,403,6919.9504132231405,1183.67,0.17105180374387627
403,404,5916.98347107438,1671.69,0.28252402734808757
404,405,5628.696280991736,1914.55,0.3401409321845076
405,406,7516.712809917355,1567.13,0.2084860815664488
406,407,3275.303738317757,1750.85,0.5345611094069894
407,408,5984.0495867768595,1828.8,0.3056124407861118
408,409,4094.2004132231405,1201.41,0.29344191264300995
409,410,8117.309917355372,1140.41,0.14049112472122377
410,411,7772.163223140496,2137.09,0.2749672052224949
411,412,11368.771028037383,1594.76,0.14027549645137916
412,413,6536.7009345794395,1010.27,0.15455349879258307
413,414,8137.946280991736,1529.4,0.1879343936654272
414,415,5805.330578512397,935.33,0.1611157172447665
415,416,9328.142561983472,2428.54,0.2603455064995932
416,417,9801.561983471074,2209.18,0.22539060648960488
417,418,6584.892561983471,1944.29,0.2952652578152847
418,419,6745.783057851239,1600.35,0.23723709853630628
419,420,4231.130841121495,1656.87,0.39159034835255374
420,421,7378.838842975207,1482.35,0.20089204162674254
421,422,4211.859504132231,2031.16,0.48224780480147555
422,423,17160.679752066117,2526.65,0.14723484363699496
423,424,8785.119834710744,1532.03,0.1743891977371579
424,425,1168.6198347107438,1674.13,1.4325702424983913
425,426,4707.995867768595,1233.68,0.262039312405921
426,427,5267.644859813084,754.31,0.143196821364067
427,428,5325.640186915888,988.45,0.18560209952381662
428,429,6691.953271028037,1531.97,0.22892718134068116
429,430,7848.607476635514,2127.48,0.27106464507663125
430,431,11949.066115702479,2144.93,0.17950607848602573
431,432,13924.86570247934,2520.44,0.18100282285316638
432,433,5538.756198347108,1483.98,0.26792657897505107
433,434,8336.401869158879,2551.48,0.3060648994669252
434,435,2615.884297520661,1812.82,0.6930046568642938
435,436,5043.126033057852,869.4,0.17239307411733423
436,437,6709.851239669421,1206.0,0.17973572839737306
437,438,1854.0557851239669,922.78,0.49770886475149967
438,439,5488.8677685950415,659.14,0.1200866968906261
439,440,6473.293388429752,2218.71,0.34274825299370526
440,441,4693.487603305785,833.78,0.17764614940342868
441,442,5473.055785123967,2121.6,0.3876445048790864
442,443,1880.6280991735537,743.41,0.3952987835961258
443,444,8638.305785123966,2872.95,0.3325825771238047
444,445,8030.150826446281,1927.0,0.23997058606342367
445,446,6221.648760330579,2061.9,0.3314073293797517
446,447,6714.429752066116,1649.76,0.24570366522821208
447,448,10626.068181818182,1959.47,0.18440216705486293
448,449,9396.256198347108,2265.82,0.24114072159915986
449,450,11075.481404958678,1589.14,0.14348270218651765
450,451,5086.252066115702,939.0,0.18461530962170752
451,452,6687.165289256199,1717.12,0.25677845929108056
452,453,12394.933884297521,2776.7,0.22401894402338463
453,454,7291.464876033057,1139.41,0.15626626739233493
454,455,9179.123966942148,1716.31,0.18697971682059722
455,456,7886.055785123967,782.18,0.09918519743107602
456,457,1736.8107476635514,864.65,0.4978377760289498
457,458,7174.971074380165,1274.34,0.17760907839061751
458,459,6782.175619834711,1675.21,0.2470018610401048
459,460,4669.98347107438,1494.81,0.3200889273503366
460,461,6145.8140495867765,1517.64,0.24693880871681126
461,462,6062.661157024793,1671.73,0.2757419484120385
462,463,5662.7086776859505,916.85,0.1619101479849866
463,464,9886.960743801654,2761.2,0.2792769255942535
464,465,9699.086776859504,1753.82,0.18082320947827157
465,466,7271.130165289256,1638.36,0.22532398165847214
466,467,12552.842975206611,1804.69,0.1437674320920354
467,468,4464.429752066116,1322.6,0.29625284156121107
468,469,9993.933884297521,1208.74,0.12094736807286403
469,470,4654.830578512397,1465.26,0.3147826704507625
470,471,8768.308411214954,1127.75,0.12861659822065233
471,472,6572.336776859504,1953.78,0.2972732631229505
472,473,4398.838842975207,1930.08,0.4387703366496981
473,474,5658.586776859504,717.88,0.12686559883392312
474,475,2314.3347107438017,496.35,0.21446768166065253
475,476,4908.163223140496,1434.39,0.29224578213643915
476,477,7858.5490654205605,934.25,0.11888326868262702
477,478,8645.448347107438,986.32,0.11408546559994188
478,479,13891.502066115703,2178.48,0.15682105431303725
479,480,4551.421487603306,1676.85,0.36842336060662184
480,481,6356.107438016529,1883.71,0.2963622025539307
481,482,10336.245867768595,1754.09,0.169702813036768
482,483,3971.745867768595,1204.87,0.3033602954755309
483,484,6482.398760330579,987.9,0.15239728941784828
484,485,4511.345794392523,1267.16,0.28088292446458984
485,486,3939.8264462809916,1949.7,0.49486951432604953
486,487,6421.524793388429,1006.35,0.15671511554952386
487,488,4656.75826446281,1869.09,0.4013714893177116
488,489,9069.599173553719,2343.25,0.2583631266564397
489,490,10295.995327102804,2389.51,0.23208149616287616
490,491,8453.028925619834,1664.45,0.19690574995612609
491,492,9623.406542056075,1937.02,0.2012821542491074
492,493,10425.702479338843,2489.01,0.23873786969584074
493,494,8652.902892561984,1668.93,0.1928751565482849
494,495,4728.090909090909,1300.38,0.27503278278759447
495,496,9856.76652892562,1738.29,0.1763549937901869
496,497,3297.3347107438017,483.02,0.14648800997549988
497,498,6460.376168224299,929.66,0.1439018372602793
498,499,4259.964876033057,1603.29,0.37636225805997897
499,500,4476.228971962617,1204.73,0.2691394938788804
500,501,6565.151869158878,1543.24,0.23506539235591495
501,502,13438.378099173553,2109.9,0.1570055541248506
502,503,4931.340909090909,997.12,0.2022005816231064
503,504,5664.745867768595,484.69,0.08556253207364528
504,505,4439.679752066116,1601.62,0.36075124545968573
505,506,9681.603305785124,1823.41,0.18833760715133244
506,507,7133.229338842975,1604.46,0.22492757820965376
507,508,5641.696280991736,944.81,0.1674691356894375
508,509,4619.225206611571,793.42,0.1717647364030585
509,510,10252.55785123967,1515.74,0.147840180176767
510,511,7142.902892561983,1322.78,0.1851880138784235
511,512,8635.434579439252,2397.61,0.27764786797281144
512,513,23144.60743801653,3623.33,0.15655180195661664
513,514,5287.658878504673,962.92,0.18210705760813176
514,515,11337.993801652892,2122.34,0.18718831895027127
515,516,7359.111570247934,1343.03,0.18249893172291615
516,517,7331.134297520661,1581.72,0.21575378867836684
517,518,7446.859813084112,1272.98,0.17094185092129408
518,519,4477.669421487603,1212.78,0.27085072296317075
519,520,2641.6673553719006,2100.17,0.7950168274325867
520,521,4334.0,1730.9,0.39937701892016614
521,522,10443.66121495327,2116.33,0.20264253660103712
522,523,14664.363636363636,2916.22,0.19886440846083267
523,524,10948.667355371901,3743.85,0.3419457253090351
524,525,12958.373966942148,2184.96,0.1686137478030815
525,526,7088.419421487603,2011.63,0.28379105134524213
526,527,10043.055785123966,1741.84,0.17343725229327694
527,528,13503.92561983471,2115.54,0.15666111170611546
528,529,7198.462809917355,1405.83,0.19529586206421481
529,530,5747.039256198347,2164.53,0.37663393331888106
530,531,6123.014462809917,1791.05,0.2925111496761136
531,532,13585.154958677685,2719.92,0.20021265920582065
532,533,12011.264462809917,2180.63,0.1815487459086271
533,534,6257.703271028037,995.22,0.15903918049417223
534,535,10363.0,2507.44,0.2419608221557464
535,536,7649.698347107438,2085.18,0.27258329745622767
536,537,7006.0950413223145,1558.37,0.2224306108907533
537,538,4889.167355371901,1769.01,0.3618223454871771
538,539,14126.528037383177,2501.27,0.1770619074538955
539,540,4221.184579439252,953.39,0.22585840113313632
540,541,6124.884297520661,775.25,0.1265738195762848
541,542,5244.203271028037,641.57,0.12233888864384754
542,543,3546.9896694214876,1658.76,0.4676528985410163
543,544,11956.076446280991,2150.19,0.179840770478582
544,545,13487.669421487602,2293.17,0.1700197364228607
545,546,13006.24173553719,1973.15,0.15170792917132445
546,547,7226.165887850468,1124.18,0.1555707435239083
547,548,4683.667355371901,1620.67,0.3460258547484555
548,549,1675.801652892562,1017.53,0.6071899966464798
549,550,5605.743801652892,1130.28,0.2016289077761151
550,551,4361.663223140496,1107.82,0.25399026548462966
551,552,7123.5640495867765,1817.84,0.25518686816684816
552,553,8885.326446280991,1466.73,0.1650732822105719
553,554,5726.028925619835,2011.16,0.35123119811734005
554,555,4223.684579439252,1559.89,0.3693197185210017
555,556,9114.669421487602,1277.03,0.14010711095999095
556,557,5419.993801652892,1974.32,0.36426609923389713
557,558,2481.6921487603304,2059.85,0.8300183409247389
558,559,4973.8677685950415,1156.27,0.23246898667083168
559,560,16908.71694214876,2411.56,0.14262229406588783
560,561,5192.012396694215,641.83,0.12361873411717142
561,562,27400.030991735537,2329.42,0.08501523230767898
562,563,6951.497933884298,1699.51,0.24448111992034535
563,564,6925.623966942148,1705.84,0.24630849265603064
564,565,5543.295454545455,687.75,0.12406879727762858
565,566,4141.774793388429,1591.76,0.3843183368011578
566,567,6619.181818181818,2144.31,0.3239539355317191
567,568,6095.268595041322,1595.17,0.26170626857981566
568,569,4260.493801652892,1842.12,0.43237241638171964
569,570,4292.997933884298,1793.73,0.41782689570899373
570,571,9826.946261682244,2547.17,0.25920259785403144
571,572,6364.601239669421,936.91,0.1472063943551416
572,573,4924.292056074766,1704.74,0.34618986457088335
573,574,11100.669421487602,1398.65,0.12599690585259918
574,575,6711.5046728971965,1520.51,0.22655277379753833
575,576,6521.995867768595,864.76,0.13259131369181085
576,577,3738.4628099173556,1316.76,0.3522196332960469
577,578,9372.276859504133,2462.62,0.26275578889912266
578,579,10489.198347107438,1543.88,0.14718760661302105
579,580,12956.270661157025,2416.19,0.1864880769466905
580,581,6707.911157024793,1797.5,0.26796717456783636
581,582,4672.739669421488,654.19,0.14000137955063793
582,583,5362.917355371901,1484.86,0.27687542089617556
583,584,5953.74173553719,1815.13,0.3048721427007324
584,585,4209.1322314049585,1101.33,0.2616525068475668
585,586,18678.51446280992,3455.61,0.1850045412808569
586,587,9046.992990654206,2536.66,0.2803870858107705
587,588,7714.161157024793,1566.58,0.20307846415334682
588,589,5521.669421487603,2019.33,0.36571004996093526
589,590,6272.0268595041325,1951.15,0.3110876346205983
590,591,7184.979338842975,1474.71,0.20524902445126283
591,592,4175.252066115702,2002.56,0.47962613233624735
592,593,12156.295454545454,2103.24,0.17301652529460043
593,594,3942.353305785124,2041.25,0.5177744970255737
594,595,18884.82438016529,2599.89,0.13767085929221887
595,596,5692.725206611571,1873.47,0.3290989696506234
596,597,4702.801652892562,1226.5,0.26080198369531793
597,598,7368.920560747663,1379.84,0.1872513061614548
598,599,8433.311983471074,1656.87,0.19646729579640754
599,600,8852.363636363636,1228.86,0.13881716233979624
600,601,4529.369834710744,1461.02,0.32256584322249415
601,602,7983.659090909091,931.48,0.11667331851139116
602,603,5681.75,708.69,0.12473093677124127
603,604,7260.3855140186915,1573.68,0.21674882097671883
604,605,8685.456611570247,1489.66,0.17151199604354295
605,606,7394.7768595041325,1187.04,0.16052411351322352
606,607,4946.859504132231,1686.9,0.341004226740398
607,608,11585.198347107438,2688.35,0.2320504077231634
608,609,1685.9028925619834,1092.92,0.6482698409391442
609,610,3098.5537190082646,1397.19,0.4509168233646729
610,611,4854.630841121495,1050.77,0.2164469419794762
611,612,6275.009345794392,792.8,0.12634244131147737
612,613,4808.789256198347,653.3,0.13585540251278863
613,614,8436.435950413223,801.96,0.0950590989742202
614,615,12129.481404958678,2188.33,0.18041414360101035
615,616,6798.640495867769,1916.53,0.2818990063035208
616,617,4752.588842975207,774.04,0.16286702375782142
617,618,8616.095041322315,1010.34,0.11726193770547624
618,619,5341.058411214954,1882.97,0.35254622867374197
619,620,7199.565420560748,1416.4,0.19673409674908987
620,621,5527.423553719008,754.47,0.13649578192580722
621,622,5452.5640495867765,2165.53,0.3971581040233934
622,623,6588.2768595041325,1031.54,0.15657204789624443
623,624,6449.00826446281,1069.54,0.1658456550433791
624,625,5338.109504132231,813.56,0.15240601553231964
625,626,11722.673553719009,1613.89,0.137672519208555
626,627,4481.198347107438,1100.78,0.24564411452810178
627,628,7892.5495867768595,1133.2,0.14357844541117082
628,629,2732.053738317757,346.08,0.126673935854972
629,630,8492.743801652892,1887.99,0.2223062468495225
630,631,6811.648760330579,1720.39,0.2525658706918569
631,632,6617.659090909091,836.44,0.12639514796841783
632,633,2600.7313084112147,563.98,0.2168543894465342
633,634,8282.876033057852,1718.38,0.20746175520939347
634,635,5495.148760330579,1093.61,0.19901372059201727
635,636,7526.039719626168,1495.92,0.19876589225259964
636,637,10878.995327102804,2291.61,0.21064537037633613
637,638,5501.14953271028,825.85,0.1501231688194311
638,639,4421.590909090909,1495.05,0.3381249036237471
639,640,14639.580578512398,2112.66,0.14431151143092913
640,641,2033.0227272727273,719.64,0.35397538372106024
641,642,3378.095041322314,1833.86,0.5428680891352772
642,643,7379.167355371901,1366.58,0.18519433618823597
643,644,7229.063084112149,1862.04,0.2575769471554819
644,645,9146.130165289256,2104.42,0.23008856882297013
645,646,6304.2546728971965,1783.23,0.28286135197969325
646,647,7269.731404958678,1693.24,0.2329164456949596
647,648,5362.181818181818,587.71,0.10960277363352774
648,649,4616.851239669421,2202.54,0.47706540359695615
649,650,4821.64953271028,506.72,0.10509266518903738
650,651,9559.539256198346,1538.65,0.16095440991074428
651,652,8299.264462809917,1351.31,0.1628228629242261
652,653,4957.293388429752,1135.69,0.22909477229059783
653,654,5911.694214876033,1287.46,0.2177819002816941
654,655,10115.890495867769,2159.62,0.21348787839114916
655,656,3020.0206611570247,2172.56,0.7193858068400276
656,657,7702.75826446281,1366.48,0.17740138702058805
657,658,5509.811983471074,949.74,0.17237248799943303
658,659,4659.297520661157,1136.85,0.243996009046162
659,660,4228.7453271028035,1602.46,0.3789445511720794
660,661,8776.894628099173,1287.68,0.14671248255362446
661,662,10564.22520661157,1594.89,0.15097084441193526
662,663,5757.902892561983,2052.49,0.3564648515784091
663,664,6124.268595041322,1382.42,0.2257281793811776
664,665,2927.5206611570247,496.4,0.1695632780961522
665,666,8823.946280991735,1678.17,0.19018361474106665
666,667,10999.652892561984,1822.13,0.1656534090482194
667,668,7543.285123966943,1650.57,0.21881315274106738
668,669,1636.9672897196263,1276.17,0.7795940749790901
669,670,5476.107476635514,669.22,0.12220724353115958
670,671,4306.803738317757,996.22,0.23131307125435085
671,672,3128.7479338842977,464.86,0.14857700582574024
672,673,8866.316115702479,1377.06,0.15531365925033855
673,674,2800.853305785124,369.37,0.13187766715131827
674,675,4119.4504132231405,1573.66,0.38200726848141303
675,676,11771.095041322315,3370.13,0.28630556360042897
676,677,5545.721962616823,805.04,0.14516414732413507
677,678,9041.061983471074,1775.74,0.19640834265337623
678,679,9185.842975206611,1616.15,0.17593921476364546
679,680,6439.706611570248,2068.4,0.3211947569604642
680,681,2888.710743801653,1764.62,0.6108676695257114
681,682,16774.706611570247,2283.43,0.13612339415969388
682,683,8591.227272727272,1773.5,0.20643150782775244
683,684,9710.406542056075,2368.33,0.24389607064778274
684,685,5094.832644628099,1636.03,0.3211155525834594
685,686,5680.783057851239,1149.06,0.20227141017327158
686,687,7149.206611570248,1606.27,0.22467807790033917
687,688,4532.762396694215,1865.01,0.41145108363945326
688,689,6012.9359504132235,726.73,0.1208610911529928
689,690,4980.3140495867765,1035.98,0.20801499457367686
690,691,5596.7231404958675,847.85,0.15149043086753097
691,692,6136.078512396694,882.63,0.14384268359943997
692,693,5603.688016528926,1310.13,0.23379781246485767
693,694,10244.352803738318,2116.4,0.20659186973995017
694,695,4989.309917355372,1331.94,0.26695876224622395
695,696,10062.21694214876,2358.04,0.234345971027777
696,697,13587.039256198346,2664.22,0.1960853979857749
697,698,5738.721074380165,1259.43,0.2194617901229901
698,699,7703.584710743801,1862.12,0.2417212336748884
699,700,5146.847107438017,2230.37,0.43334685360611525
700,701,7306.018691588785,1036.03,0.14180500266071758
701,702,5464.742990654206,1876.58,0.3433976681445631
702,703,4179.719008264463,2032.15,0.4861929703843431
703,704,8656.768595041322,1970.89,0.22767040361098995
704,705,10020.407024793389,2096.92,0.2092649524926096
705,706,5342.946261682243,1170.24,0.2190252236659304
706,707,7678.818181818182,2219.91,0.2890952679744752
707,708,4944.188016528926,2105.3,0.42581309468041406
708,709,8476.252066115703,1867.15,0.22028014096749646
709,710,5750.084112149532,2226.99,0.3872969432385386
710,711,8776.523364485982,1233.54,0.14054995910926343
711,712,5378.612149532711,800.29,0.14879117098441993
712,713,10115.066115702479,1803.14,0.17826279921204197
713,714,5688.150826446281,1721.75,0.30269063752581216
714,715,5946.119834710744,1379.67,0.2320286234303779
715,716,5338.656542056075,976.45,0.18290182039392636
716,717,6801.590909090909,1630.42,0.23971156480769876
717,718,5977.81611570248,870.26,0.14558159420695593
718,719,1917.7570093457944,902.68,0.47069571150097467
719,720,6598.74173553719,909.85,0.1378823473420772
720,721,9552.196280991735,1229.41,0.1287044323457264
721,722,12513.200413223141,2265.16,0.18102163516907516
722,723,5289.407024793389,850.9,0.16086869397864825
723,724,8506.989669421488,1167.85,0.13728122936340872
724,725,5279.989669421488,1070.87,0.20281668469956152
725,726,9996.26652892562,1925.26,0.19259790587105557
726,727,3319.311983471074,1954.26,0.5887545400165697
727,728,6581.586776859504,1815.56,0.2758544499304345
728,729,9792.971074380166,2883.11,0.29440605696698463
729,730,10444.46694214876,1771.42,0.16960367722084652
730,731,11673.40909090909,1502.43,0.12870533263243972
731,732,2662.4297520661157,1003.42,0.3768813052142764
732,733,15347.194214876034,2205.46,0.14370444324358964
733,734,7406.690082644628,1984.94,0.2679928521177247
734,735,4318.56611570248,1408.99,0.32626338517242004
735,736,4817.345794392523,1367.08,0.2837828253041967
736,737,5573.423553719008,840.9,0.15087674423001426
737,738,10670.644628099173,1794.98,0.16821664131455108
738,739,8859.824766355141,1356.05,0.1530560745568637
739,740,5937.997933884298,895.46,0.15080166917711293
740,741,5550.944214876033,705.73,0.12713692890458292
741,742,10052.280991735537,2200.75,0.21893041010387018
742,743,2629.785123966942,1649.62,0.6272831894005103
743,744,9237.94859813084,1805.97,0.1954947011033825
744,745,2704.028925619835,645.42,0.2386882750716332
745,746,5571.3677685950415,919.26,0.1649971852839674
746,747,9973.239669421488,1786.14,0.17909325948281435
747,748,5339.907024793389,1111.55,0.20815905498710588
748,749,6626.964876033057,1871.51,0.28240831738349237
749,750,6254.978971962617,2119.89,0.33891241033778324
750,751,3367.9276859504134,1688.87,0.5014567287312194
751,752,4244.167355371901,1095.39,0.2580930270371054
752,753,10984.413223140496,2220.05,0.20210911178424124
753,754,9850.805785123966,2171.1,0.22039821384750588
754,755,13163.842975206611,2562.69,0.19467643338094268
755,756,20751.929752066117,3505.12,0.16890573753272373
756,757,7670.714876033057,1333.9,0.17389513514154134
757,758,4460.19214876033,1475.21,0.3307503243800878
758,759,7309.981404958678,1805.7,0.24701841221854756
759,760,6603.561983471074,1022.31,0.15481190341801507
760,761,6673.756198347108,1509.21,0.2261410149165753
761,762,1668.095041322314,1632.62,0.9787332013803046
762,763,7770.710743801653,1073.09,0.13809418924207875
763,764,2937.9979338842977,1967.6,0.6697077548310784
764,765,8988.609504132231,1873.27,0.20840487053518375
765,766,7690.341121495327,1080.98,0.14056333560790238
766,767,2202.24173553719,675.82,0.3068782091876704
767,768,16557.894628099173,1993.11,0.12037218769454185
768,769,16560.696280991735,2749.73,0.16603951629474198
769,770,5331.423553719008,739.27,0.1386627778774605
770,771,8347.163551401869,1243.75,0.14900271120135386
771,772,4469.159090909091,2182.19,0.48827753848344463
772,773,7256.030991735537,1409.75,0.19428665638358972
773,774,1991.4814049586778,755.82,0.3795265163501152
774,775,7050.880841121495,2061.67,0.2923989280851435
775,776,3867.1322314049585,786.02,0.2032565614428015
776,777,4985.471074380165,1773.48,0.35572967399484784
777,778,5401.0373831775705,686.06,0.12702374587090398
778,779,8787.287190082645,2202.19,0.25061090554607085
779,780,6012.123966942148,877.5,0.14595507425079077
780,781,4481.020661157025,1503.43,0.3355106154792435
781,782,4077.7706611570247,1127.21,0.2764280028637427
782,783,5761.419421487603,864.9,0.15011925651069544
783,784,6273.084710743801,1334.19,0.21268483712884612
784,785,6038.059917355372,969.65,0.16058966179068657
785,786,4532.425619834711,1998.56,0.4409471147753515
786,787,12628.309917355371,2050.21,0.16235030763557284
787,788,14512.555785123966,2005.4,0.1381837926890608
788,789,3112.630165289256,1884.1,0.6053080192470958
789,790,6881.295454545455,1393.58,0.2025171000439267
790,791,9760.962809917355,1722.74,0.17649283513811342
791,792,9313.907024793389,1415.07,0.15193087028173233
792,793,6151.584710743801,2336.45,0.3798127002818262
793,794,3912.371900826446,1196.24,0.30575825364334797
794,795,3424.8078512396696,1800.65,0.5257667227515328
795,796,6152.070247933884,961.51,0.15629047804239787
796,797,3159.7196261682243,2250.72,0.712316365464817
797,798,2639.1322314049585,465.18,0.17626248297242708
798,799,12530.326446280991,2498.94,0.1994313564545389
799,800,4063.2954545454545,1232.01,0.3032046312610118
800,801,3759.9524793388427,1277.87,0.3398633379070533
801,802,6356.4586776859505,859.56,0.135226238946136
802,803,7571.6322314049585,1672.15,0.22084405962883427
803,804,4078.2803738317757,1968.62,0.4827083524300145
804,805,7762.030373831775,1478.0,0.19041409641771034
805,806,6955.5163551401865,1394.18,0.20044234371898056
806,807,6976.101239669421,1762.0,0.2525766096943135
807,808,9096.969008264463,1587.55,0.17451417044047682
808,809,11837.84090909091,3218.08,0.2718468701102973
809,810,7350.890495867769,1473.43,0.2004423818894152
810,811,3495.9462809917354,1680.72,0.4807625360659749
811,812,7972.793388429752,1531.94,0.19214595504546456
812,813,7219.873966942148,1490.93,0.20650360474802823
813,814,10587.710743801654,2170.49,0.20500087814267745
814,815,7666.876168224299,1956.73,0.2552186779942726
815,816,1851.9442148760331,743.46,0.4014483773474604
816,817,20730.954545454544,3417.3,0.16484045597163663
817,818,5679.896694214876,743.25,0.13085625320562955
818,819,7751.634297520661,944.83,0.12188784503187945
819,820,15060.221962616823,1945.42,0.12917605097912974
820,821,6556.0495867768595,1244.28,0.1897911209380775
821,822,6523.919421487603,1210.32,0.18552037844207758
822,823,2071.801652892562,680.76,0.3285835779933623
823,824,8201.679752066115,1397.95,0.1704467916645779
824,825,5741.322429906542,1719.28,0.29945714092702275
825,826,11071.79132231405,2538.58,0.22928358439015686
826,827,16608.669421487604,2686.42,0.16174805650140894
827,828,6501.93388429752,1904.36,0.292891320319193
828,829,7380.694214876033,1285.29,0.17414215554540324
829,830,5637.033057851239,1024.57,0.18175696141660594
830,831,16317.55785123967,2612.86,0.16012567712768963
831,832,8380.146694214876,1027.66,0.12263031155641126
832,833,7011.780991735537,1452.46,0.20714565981338373
833,834,7388.80785123967,1196.03,0.16187049711941473
834,835,6561.712809917355,1423.85,0.21699364803774968
835,836,3933.4338842975208,1331.78,0.33857948021359585
836,837,4417.142561983471,1900.9,0.4303460830900647
837,838,10047.915289256198,1560.46,0.15530186661391668
838,839,3745.376033057851,1347.41,0.35975292950756915
839,840,5912.694214876033,787.87,0.13325059124785446
840,841,3723.0661157024792,1553.28,0.41720451684939325
841,842,22930.855140186915,3195.89,0.1393707291098412
842,843,7975.479338842975,2047.61,0.25673817372048413
843,844,5272.878099173554,1519.96,0.2882600301793875
844,845,4500.69214876033,1770.91,0.393475034831649
845,846,8568.863636363636,1733.02,0.20224618730604993
846,847,6461.295454545455,977.43,0.15127461774130574
847,848,5454.272727272727,799.69,0.14661716419154291
848,849,7476.23347107438,1942.15,0.2597765315267638
849,850,7622.6177685950415,1192.78,0.1564790517129454
850,851,6825.39953271028,1581.08,0.23164651276790135
851,852,5704.423553719008,1815.36,0.3182372386805803
852,853,11573.640495867769,2291.21,0.19796796010883952
853,854,6054.363636363636,792.72,0.13093366167152168
854,855,5305.981404958678,906.91,0.17092219719286086
855,856,6747.274793388429,1011.36,0.14989162750433985
856,857,5163.876033057852,1025.4,0.19857176923606298
857,858,3878.7593457943926,965.09,0.24881409594189297
858,859,9495.581775700935,2142.4,0.22562072031040506
859,860,3817.0454545454545,1473.76,0.3860996725215838
860,861,2914.6425619834713,1907.68,0.6545159344347825
861,862,7845.361570247934,1955.35,0.24923644149369725
862,863,11238.502066115703,3298.93,0.2935382296139213
863,864,5456.510330578512,2065.92,0.37861561233055824
864,865,9531.702479338843,2245.77,0.23561058529344442
865,866,8689.369834710744,1014.03,0.11669776051530617
866,867,4245.737603305785,1833.83,0.43192259422065005
867,868,7177.6322314049585,1486.58,0.20711286843252136
868,869,2130.185950413223,672.29,0.31560155575600624
869,870,5081.152892561983,656.22,0.12914785559013664
870,871,5763.004132231405,1221.71,0.21199186604208808
871,872,10944.485537190083,2165.78,0.1978877849160234
872,873,4799.702479338843,1843.66,0.3841196424020773
873,874,5882.119834710744,1881.94,0.31994247871227627
874,875,4623.871900826446,1386.46,0.29984827212713044
875,876,8430.078512396694,2762.24,0.3276648012160313
876,877,5405.338842975207,927.47,0.1715840628946588
877,878,3176.280991735537,597.19,0.18801548148726357
878,879,4699.717289719626,2165.12,0.46069154090099873
879,880,9435.035123966942,1284.65,0.136157415751079
880,881,3400.9979338842977,1336.94,0.39310226762563005
881,882,5926.880165289256,826.17,0.13939374121961506
882,883,4379.756198347108,1344.22,0.3069166271189479
883,884,5091.032710280374,1042.02,0.2046775299431564
884,885,6847.537190082645,1927.6,0.28150266971777266
885,886,8234.952479338843,1115.78,0.135493192316464
886,887,8584.745867768595,1344.19,0.15657889245699838
887,888,10267.54132231405,2240.38,0.21820024187592693
888,889,5167.785123966943,1710.36,0.3309657733383229
889,890,5291.380841121495,703.83,0.13301442877258954
890,891,6485.363636363636,1314.11,0.20262703430101348
891,892,6373.4049586776855,1380.87,0.2166612680275214
892,893,7938.693925233645,811.06,0.10216542011047862
893,894,10664.157024793389,2292.19,0.21494338414849154
894,895,8577.878099173553,1763.53,0.20559047116441415
895,896,2471.8946280991736,475.19,0.19223715873577082
896,897,4219.927685950413,2450.49,0.580694784926889
897,898,6065.81611570248,1681.61,0.2772273290063712
898,899,6509.051652892562,1766.46,0.2713851562715748
899,900,7390.2336448598135,1099.09,0.1487219555993955
900,901,9044.63223140496,1358.64,0.15021506294998951
901,902,6104.588785046729,2158.86,0.3536454421447938
902,903,9743.94859813084,2701.36,0.2772346316069643
903,904,2157.679906542056,623.5,0.2889677927247487
904,905,10600.068181818182,2123.56,0.20033456045522863
905,906,3988.21694214876,872.05,0.2186566108738707
906,907,5744.231404958678,930.27,0.16194855924448817
907,908,3632.4876033057853,1277.92,0.3518029900052556
908,909,13482.343457943925,2021.76,0.1499561264187169
909,910,4801.022727272727,1112.39,0.2316985490780847
910,911,12296.039256198346,2423.27,0.19707728232718896
911,912,2072.1797520661157,723.04,0.3489272584963133
912,913,3224.2603305785124,602.08,0.18673430128762958
913,914,7949.842975206611,1950.56,0.24535830532543396
914,915,6452.196261682243,1600.79,0.24810001665737233
915,916,3912.940082644628,1179.12,0.30133862903494074
916,917,6257.25,1229.25,0.19645211554596667
917,918,3750.130165289256,1359.65,0.36256074858007686
918,919,6907.866822429906,1098.34,0.1589984329798716
919,920,5259.469626168225,1194.26,0.22706852304232727
920,921,8732.995867768595,1836.71,0.21031843227807523
921,922,6792.431818181818,931.78,0.13717914657690544
922,923,1932.26652892562,767.65,0.3972795618556976
923,924,4377.576446280992,1652.92,0.37758792342832814
924,925,8214.264462809917,1691.53,0.2059259240627572
925,926,9203.5,1596.55,0.1734720486771337
926,927,5938.737603305785,726.2,0.12228188017530231
927,928,10074.946280991735,2459.89,0.24415911821197905
928,929,4684.911157024793,702.99,0.15005407283890562
929,930,9088.545454545454,1476.79,0.16248914717826635
930,931,5502.078512396694,1672.57,0.30398875556420074
931,932,6767.252336448598,1322.86,0.1954796325349125
932,933,5807.865702479339,1063.46,0.18310685103238802
933,934,2424.2995867768595,409.65,0.16897664060762202
934,935,7073.5413223140495,1790.48,0.2531235654695037
935,936,9095.287190082645,1536.64,0.1689490356803167
936,937,6951.652892561983,1387.76,0.19963022053141533
937,938,11917.537190082645,2167.46,0.18187146936731893
938,939,5522.630165289256,955.28,0.1729755517586729
939,940,6663.657024793389,910.15,0.13658416041126004
940,941,6284.373831775701,1938.05,0.30839190218134876
941,942,5127.783057851239,1096.77,0.2138877537575846
942,943,6471.838842975207,831.06,0.12841172658402422
943,944,9740.59090909091,2057.03,0.2111812331714055
944,945,5463.045454545455,1944.73,0.35597909923702226
945,946,5344.688016528926,2282.58,0.42707450705091055
946,947,6974.795454545455,1516.48,0.21742286349224968
947,948,10507.704545454546,2682.81,0.25531837028673765
948,949,6891.169421487603,1829.29,0.2654542194676023
949,950,7140.425619834711,1461.28,0.20464886517980788
950,951,5841.805785123967,948.65,0.16238985596127087
951,952,8171.5,1413.25,0.17294866303616227
952,953,6652.324380165289,1460.36,0.21952627631241797
953,954,8958.518595041322,1214.73,0.1355949632869403
954,955,4336.607438016529,2006.82,0.4627626615236993
955,956,3270.5537190082646,1786.24,0.5461582818892345
956,957,10009.845041322315,2072.22,0.20701818973675706
957,958,2163.9235537190084,1867.82,0.8631635793186351
958,959,8992.65909090909,1361.51,0.15140238123519942
959,960,5003.338842975207,563.62,0.11264877668466015
960,961,6017.371900826446,843.04,0.14010102980076966
961,962,6163.716942148761,1120.83,0.18184319794692946
962,963,9877.154958677685,2184.25,0.22114161508431157
963,964,7129.702479338843,1781.28,0.2498393173013838
964,965,7016.090909090909,1135.27,0.16180947691669798
965,966,6155.2913223140495,1657.45,0.26927238910552337
966,967,11066.353305785124,2450.94,0.22147675320638188
967,968,9062.896694214876,1563.27,0.17249120813634375
968,969,4412.576446280992,1887.8,0.42782261632907814
969,970,2471.6570247933882,2036.61,0.8239856823056771
970,971,6736.326446280992,1196.44,0.17761015733739174
971,972,3505.4896694214876,1677.68,0.4785864909642904
972,973,8050.561983471074,1218.15,0.1513124180027471
973,974,14539.341121495327,1648.25,0.11336483450155702
974,975,5625.623966942148,937.59,0.16666417903321654
975,976,8879.814049586777,1345.76,0.15155272311841092
976,977,4437.7453271028035,1501.41,0.3383272110795507
977,978,6002.254132231405,898.95,0.1497687335783974
978,979,7878.7086776859505,1234.44,0.15668049809941273
979,980,8873.053719008265,1288.95,0.14526565946949604
980,981,9151.65909090909,1278.27,0.13967631303812275
981,982,2929.9524793388427,440.02,0.1501799101189834
982,983,12737.198347107438,2564.93,0.20137316936596847
983,984,2173.873966942149,411.91,0.18948200597820664
984,985,10445.163223140496,2092.21,0.20030419394163812
985,986,4595.01652892562,1007.48,0.2192549240373599
986,987,6369.537190082645,1139.59,0.17891252786377304
987,988,6136.995867768595,1571.97,0.25614649803757594
988,989,3653.63785046729,1551.47,0.4246370503857057
989,990,5881.2231404958675,818.7,0.13920573670513248
990,991,4828.94214876033,1288.58,0.2668451930679683
991,992,2075.9194214876034,505.25,0.24338613279986462
992,993,9609.880165289256,1677.27,0.17453599536633913
993,994,4108.165289256199,1867.04,0.4544705162868546
994,995,7744.202479338843,1965.86,0.2538492511326788
995,996,8010.50826446281,1446.66,0.18059528212683443
996,997,6403.043388429752,1840.41,0.2874273823172284
997,998,3629.801652892562,1527.59,0.4208466869760431
998,999,8408.392561983472,1688.4,0.20079937842503873
999,1000,9697.214953271028,1736.3,0.17905140892172527
1000,1001,1954.8202479338843,784.25,0.40118778226739793
1001,1002,5172.787190082645,1002.65,0.19383167394210563
1002,1003,9490.979338842975,1953.08,0.2057827680655446
1003,1004,6443.394859813084,2406.19,0.3734351304476475
1004,1005,4601.210743801653,713.8,0.15513308121380195
1005,1006,5289.834710743801,748.13,0.14142785945287234
1006,1007,8818.836776859504,1312.68,0.1488495629542042
1007,1008,4312.98347107438,590.85,0.13699333743396358
1008,1009,5903.714953271028,1275.52,0.2160537915695408
