,store_id,n_cust,mae_ncust,percentage_error
0,1,509.1694214876033,117.64,0.23104293980636104
1,2,544.7809917355372,119.39,0.21915228653564628
2,3,943.6632231404959,136.59,0.14474443493244413
3,4,1224.969008264463,229.89,0.18767005405770087
4,5,438.68388429752065,154.94,0.3531928241405783
5,6,809.3657024793389,140.94,0.1741363632882601
6,7,1235.8780991735537,225.86,0.18275265186027267
7,8,548.3719008264463,104.31,0.19021762392054614
8,9,531.452479338843,94.99,0.17873658265396172
9,10,554.5454545454545,112.58,0.20301311475409836
10,11,1420.2747933884298,233.48,0.16439072289875226
11,12,1134.2520661157025,188.21,0.1659331339325073
12,13,475.3317757009346,254.21,0.5348053990818021
13,14,789.0041322314049,75.59,0.095804314466924
14,15,623.0929752066115,83.04,0.133270640665568
15,16,1075.9152892561983,226.64,0.21064855408522054
16,17,1010.3305785123966,273.37,0.27057480572597137
17,18,657.0743801652893,65.0,0.09892335169672728
18,19,225.3181818181818,67.92,0.301440387331047
19,20,305.0210280373832,57.6,0.18883943959739255
20,21,476.48553719008265,172.03,0.36103928991106543
21,22,627.9088785046729,201.49,0.3208905095908761
22,23,447.301652892562,167.5,0.37446765268321525
23,24,1045.6219008264463,160.14,0.15315287473744318
24,25,568.3285123966942,95.84,0.1686348615448375
25,26,420.95661157024796,124.85,0.29658638578994123
26,27,1347.4462809917356,360.76,0.2677360909219153
27,28,736.654958677686,135.17,0.18349160405114698
28,29,476.61570247933884,113.79,0.23874580591463576
29,30,649.5351239669421,121.59,0.1871954194831014
30,31,741.0909090909091,137.0,0.18486261040235524
31,32,396.4906542056075,208.59,0.526090584450023
32,33,302.17148760330576,40.14,0.13283847631811066
33,34,1260.1136363636363,280.43,0.22254342140860314
34,35,933.3946280991736,117.13,0.1254881873902909
35,36,922.5467289719626,231.76,0.2512176269469419
36,37,717.8119834710744,161.74,0.2253236275297118
37,38,452.71487603305786,175.36,0.3873519720328231
38,39,596.0764462809917,98.0,0.16440844225843237
39,40,603.9090909090909,91.32,0.1512148125846756
40,41,505.0514018691589,254.41,0.5037309055245602
41,42,1018.0206611570248,193.01,0.18959340155300552
42,43,573.6632231404959,81.7,0.1424180541899421
43,44,549.2169421487604,88.25,0.16068331696893773
44,45,522.8780991735537,249.33,0.4768415437442952
45,46,239.20560747663552,51.13,0.2137491697597187
46,47,1155.2231404958677,220.05,0.1904826801734129
47,48,400.8223140495868,247.48,0.6174306951618057
48,49,491.7086776859504,165.41,0.33639837470113915
49,50,334.49793388429754,205.67,0.6148617948448705
50,51,627.6378504672897,253.42,0.4037678731633591
51,52,620.6401869158879,247.83,0.3993134914958176
52,53,478.8780991735537,150.69,0.31467298308287706
53,54,682.4566115702479,120.38,0.17639216612323613
54,55,507.26446280991735,144.79,0.2854329656722983
55,56,184.05785123966942,125.12,0.6797862691392395
56,57,1229.3822314049587,253.86,0.20649395567551398
57,58,650.9439252336449,220.47,0.33869276823017613
58,59,709.2376033057851,208.05,0.29334316036018193
59,60,893.1095041322315,191.15,0.21402750627508588
60,61,708.2541322314049,121.3,0.17126620866698755
61,62,897.8078512396694,138.95,0.15476585530872947
62,63,807.4028925619834,126.77,0.157009593559597
63,64,996.1714876033058,137.94,0.13847013462699134
64,65,581.1921487603306,201.96,0.347492650117136
65,66,491.849173553719,152.86,0.3107863308899204
66,67,738.7045454545455,150.12,0.20322062578838876
67,68,1448.8739669421489,205.18,0.14161342165118251
68,69,1495.6095041322315,267.13,0.17860945605249523
69,70,629.6900826446281,59.1,0.09385569445811597
70,71,545.8884297520661,66.85,0.12246092123689488
71,72,441.6238317757009,195.31,0.44225421262862735
72,73,617.8946280991736,279.94,0.4530545942132207
73,74,713.3698347107438,150.54,0.21102658491445847
74,75,827.1384297520661,144.15,0.17427554423170594
75,76,771.4065420560747,250.52,0.32475742211399256
76,77,826.9938016528926,103.0,0.12454748728967059
77,78,411.49380165289256,167.38,0.40676189854541256
78,79,701.1198347107438,134.73,0.1921640115281928
79,80,535.1012396694215,121.67,0.22737753340875483
80,81,700.518691588785,203.52,0.2905275796972871
81,82,1053.8553719008264,237.7,0.22555277160210638
82,83,436.3057851239669,207.44,0.47544636599549184
83,84,1168.202479338843,279.82,0.23953039387347233
84,85,1612.0578512396694,402.55,0.24971188204594508
85,86,562.1776859504132,114.31,0.2033342888854587
86,87,947.6797520661157,165.73,0.17487975198233177
87,88,521.6632231404959,97.78,0.18743893696655245
88,89,567.6915887850467,74.92,0.13197306685544014
89,90,895.0640495867768,210.81,0.23552504437791286
90,91,766.2623966942149,185.33,0.2418623187038081
91,92,197.3987603305785,93.89,0.47563621900545316
92,93,403.78512396694214,152.55,0.3777999508780548
93,94,806.4132231404959,90.96,0.11279576945150445
94,95,306.8863636363636,67.3,0.21929941494482708
95,96,455.7107438016529,155.45,0.34111550389002737
96,97,869.7541322314049,118.78,0.1365673304652925
97,98,573.9297520661157,221.63,0.3861622423339165
98,99,334.2803738317757,221.42,0.6623781033325877
99,100,559.3878504672897,78.99,0.14120792922837883
100,101,650.4648760330579,82.89,0.12743193837846423
101,102,878.6198347107438,234.99,0.2674535569497616
102,103,398.2582644628099,246.44,0.6187944406688214
103,104,1239.8657024793388,194.33,0.15673471700314118
104,105,352.3264462809917,170.79,0.4847493050913057
105,106,1027.1611570247933,176.7,0.17202753315927313
106,107,344.26446280991735,54.58,0.15854090647205685
107,108,1074.8247663551401,245.95,0.22882799847834356
108,109,685.8326446280992,88.19,0.12858822147175872
109,110,761.150826446281,157.16,0.20647681712934685
110,111,514.3264462809917,106.04,0.20617255979496577
111,112,960.603305785124,138.86,0.14455498868651762
112,113,851.5747663551402,162.08,0.19032973545438084
113,114,453.89462809917353,97.2,0.2141466190226916
114,115,467.8317757009346,126.35,0.27007571217387827
115,116,959.9545454545455,150.85,0.15714285714285714
116,117,614.1260330578513,270.36,0.44023536773685645
117,118,572.4152892561983,82.56,0.14423094831600186
118,119,613.1239669421487,79.9,0.13031622364802933
119,120,540.6363636363636,84.04,0.15544644358500084
120,121,466.75206611570246,155.81,0.33381748322325905
121,122,739.3202479338843,198.54,0.26854397746422193
122,123,887.0537190082645,228.18,0.2572335757242613
123,124,498.0,141.93,0.28500000000000003
124,125,1492.7210743801652,254.41,0.17043371622902875
125,126,509.0805785123967,127.09,0.24964613729986404
126,127,830.9626168224299,105.49,0.12694915254237288
127,128,742.5392561983471,121.25,0.16329103005378573
128,129,978.8878504672897,224.96,0.22981182154075291
129,130,403.68801652892563,148.86,0.36875010875962844
130,131,699.7272727272727,178.92,0.25569962322982975
131,132,214.55607476635515,85.7,0.39942938037678316
132,133,988.5888429752066,192.93,0.1951569667925522
133,134,466.7107438016529,169.04,0.3621943618076215
134,135,684.4152892561983,196.82,0.28757393806017684
135,136,306.1799065420561,201.91,0.6594488916021214
136,137,769.5327102803739,231.38,0.30067597765363124
137,138,905.6838842975206,246.99,0.27271104662701806
138,139,253.18691588785046,256.51,1.0131250230703923
139,140,346.81404958677683,58.55,0.16882245707681492
140,141,761.654958677686,114.05,0.14973971967306945
141,142,529.444214876033,122.39,0.23116694178754427
142,143,732.9690082644628,155.12,0.21163241317296067
143,144,609.3808411214953,67.48,0.11073534881045953
144,145,1509.7172897196263,382.04,0.25305400064070915
145,146,527.8677685950413,53.42,0.1011995866733467
146,147,1101.659090909091,149.63,0.13582241660305736
147,148,606.547520661157,62.02,0.10225085073696474
148,149,454.93457943925233,175.39,0.3855279592423682
149,150,761.9214876033058,159.6,0.20947040160533667
150,151,816.2933884297521,185.65,0.2274304834896706
151,152,576.3719008264463,73.28,0.12714013277698913
152,153,584.0743801652893,98.9,0.1693277489281621
153,154,923.5909090909091,109.17,0.1182016831536985
154,155,620.1285046728972,86.74,0.1398742346890718
155,156,905.6260330578513,211.0,0.2329880019985262
156,157,546.2458677685951,62.9,0.11514961249399544
157,158,662.3078512396694,191.5,0.2891404648783212
158,159,874.0560747663551,108.91,0.12460298960694581
159,160,711.5123966942149,133.64,0.18782525873183648
160,161,1029.0268595041323,201.23,0.19555369050033228
161,162,522.7066115702479,131.1,0.25080991343531367
162,163,736.9111570247934,205.48,0.27883958336253906
163,164,805.731308411215,106.46,0.13212841413587817
164,165,351.70327102803736,237.41,0.675029263464183
165,166,741.1611570247934,142.99,0.19292700196809787
166,167,1332.638429752066,229.94,0.17254492656554993
167,168,917.099173553719,151.89,0.16562003802863862
168,169,574.2644628099174,112.17,0.19532812365080734
169,170,695.7252066115702,164.83,0.23691825225476718
170,171,803.103305785124,189.24,0.23563593704174407
171,172,796.6915887850467,212.86,0.26717992633085424
172,173,1289.2396694214876,312.13,0.24210393722996448
173,174,450.8948598130841,179.64,0.398407735396382
174,175,885.8181818181819,90.16,0.10178160919540229
175,176,524.8760330578513,94.44,0.1799282002834199
176,177,619.849173553719,217.83,0.35142420010199765
177,178,853.9194214876034,216.12,0.2530917959723879
178,179,1199.7995867768595,308.13,0.25681789141781597
179,180,791.2355371900826,140.51,0.17758302477034035
180,181,244.03271028037383,44.84,0.1837458591042261
181,182,529.5330578512396,249.97,0.47205740282644154
182,183,749.6004672897196,139.69,0.18635260528194147
183,184,752.7355371900826,138.37,0.18382286096990594
184,185,692.2789256198347,164.25,0.237259858593757
185,186,470.0911214953271,238.7,0.5077738954964984
186,187,989.5206611570248,243.16,0.245735141816724
187,188,325.7830578512397,209.58,0.6433115379980847
188,189,1067.3057851239669,240.42,0.22525878089574428
189,190,612.1588785046729,61.39,0.10028442313857804
190,191,260.25233644859816,50.16,0.19273602183359065
191,192,826.5794392523364,273.64,0.33105106055809325
192,193,731.4194214876034,125.49,0.171570505667967
193,194,525.9028925619834,251.1,0.4774645729304581
194,195,1623.9070247933885,316.93,0.19516511423449465
195,196,879.5289256198347,99.22,0.11281038873175911
196,197,772.8161157024794,148.81,0.19255550832390927
197,198,424.9669421487603,207.44,0.4881320861126777
198,199,227.0082644628099,90.85,0.4002056938983544
199,200,913.595041322314,213.7,0.23391107693699398
200,201,411.5723140495868,215.85,0.5244521864850076
201,202,636.4731404958678,207.22,0.32557540423238857
202,203,312.0206611570248,49.26,0.15787416069607596
203,204,657.3271028037383,167.12,0.2542417607416044
204,205,1134.9876033057851,266.2,0.23454000662620555
205,206,746.400826446281,145.52,0.19496227073172082
206,207,1640.935950413223,249.83,0.1522484774235627
207,208,535.4462809917355,228.18,0.42614919199246787
208,209,574.4876033057851,149.57,0.2603537467811776
209,210,406.09090909090907,208.9,0.5144168345645848
210,211,1887.654958677686,259.39,0.1374138842522917
211,212,590.8884297520661,179.35,0.3035259974124969
212,213,825.8367768595041,92.18,0.11162011983838083
213,214,612.7376033057851,86.0,0.1403537167231467
214,215,618.3948598130842,256.99,0.41557589931727074
215,216,818.6095041322315,206.03,0.2516828829374544
216,217,599.7169421487604,65.57,0.10933491350947243
217,218,639.0397196261682,104.38,0.1633388298008475
218,219,509.452479338843,267.99,0.5260353239379499
219,220,481.68801652892563,70.55,0.14646409621810352
220,221,517.1198347107438,116.26,0.2248221634450189
221,222,478.3698347107438,138.31,0.28912776258902695
222,223,690.1301652892562,115.76,0.1677364732368729
223,224,446.18388429752065,182.21,0.40837422957773223
224,225,520.2438016528926,131.02,0.25184346182257206
225,226,520.2086776859504,71.97,0.13834832652185827
226,227,521.3512396694215,135.47,0.2598440162641578
227,228,749.3326446280992,159.11,0.2123356044083303
228,229,928.3367768595041,112.98,0.12170152343011029
229,230,712.6838842975206,189.0,0.2651947155873937
230,231,363.46495327102804,244.24,0.6719767553981345
231,232,288.7685950413223,239.44,0.8291760396096276
232,233,962.3739669421487,247.94,0.2576337354467366
233,234,867.2458677685951,199.84,0.23043061653805744
234,235,635.8780991735537,225.84,0.35516241287995715
235,236,730.9276859504132,165.49,0.2264109065520156
236,237,486.18801652892563,111.0,0.2283067377770223
237,238,1000.7355371900826,220.49,0.22032794060567024
238,239,595.2004132231405,162.74,0.2734205090999976
239,240,586.3512396694215,198.84,0.3391141461764519
240,241,257.76446280991735,36.48,0.1415245515317655
241,242,460.18801652892563,201.5,0.4378645092061725
242,243,343.31775700934577,57.49,0.16745419899278619
243,244,456.8429752066116,140.55,0.30765494410072725
244,245,1291.0826446280992,196.9,0.15250766542270247
245,246,1196.2417355371902,260.08,0.21741425020855604
246,247,497.72520661157023,73.47,0.1476115716545108
247,248,1391.0681818181818,195.69,0.14067606646298628
248,249,498.89462809917353,134.47,0.2695358747644586
249,250,832.1425619834711,94.79,0.11391077001765333
250,251,2034.9462809917356,289.25,0.1421413443204178
251,252,1035.138429752066,214.55,0.20726696433383168
252,253,629.2892561983471,98.31,0.1562238653078378
253,254,325.8801652892562,236.05,0.7243460177776652
254,255,813.9896694214876,113.4,0.13931380736145554
255,256,1135.8904958677685,182.96,0.16107186446720545
256,257,811.1136363636364,136.86,0.16873098153492674
257,258,389.1775700934579,135.36,0.3478103837471784
258,259,3708.0764462809916,398.72,0.1075274487396007
259,260,1173.702479338843,290.34,0.24737103747412298
260,261,1189.8595041322315,232.08,0.1950482382113313
261,262,5407.743801652892,684.66,0.12660732925082946
262,263,442.1658878504673,208.95,0.4725601991048735
263,264,1161.159090909091,255.51,0.22004736646376072
264,265,180.23347107438016,113.74,0.6310703518163997
265,266,493.5681818181818,106.03,0.2148234102316158
266,267,395.39462809917353,97.99,0.24782835434835998
267,268,328.5847107438017,248.77,0.7570954821265758
268,269,1556.293388429752,301.8,0.19392230426713186
269,270,1124.4256198347107,244.47,0.21741767146495364
270,271,731.194214876033,222.46,0.304242013235452
271,272,583.7479338842975,78.5,0.13447585069407578
272,273,893.7334710743802,99.02,0.11079365739873823
273,274,1563.3471074380166,274.17,0.17537372135437318
274,275,929.4742990654206,151.19,0.16266184030265324
275,276,659.099173553719,228.56,0.3467763413624908
276,277,664.8271028037383,183.91,0.2766283131725626
277,278,642.4855371900826,86.52,0.13466450992561815
278,279,507.20327102803736,110.96,0.21876830521044946
279,280,658.2128099173553,201.15,0.305600251118261
280,281,364.4504132231405,181.1,0.4969125933988684
281,282,611.7252066115702,81.96,0.13398172760280333
282,283,665.0677570093458,109.09,0.1640283998889861
283,284,335.0514018691589,215.67,0.6436922776530313
284,285,354.49380165289256,196.86,0.5553270581378407
285,286,399.29545454545456,199.61,0.4999055153964369
286,287,1040.8714953271028,288.89,0.27754626896494444
287,288,350.60747663551405,248.14,0.7077430361188857
288,289,709.2396694214876,143.15,0.20183586194038547
289,290,631.8099173553719,96.81,0.15322646470195816
290,291,1042.1570247933885,271.21,0.26023909405952367
291,292,606.2541322314049,93.17,0.15368142672623855
292,293,1019.8760330578513,143.1,0.14031117053603986
293,294,966.2396694214876,180.32,0.1866203652225976
294,295,866.0454545454545,130.32,0.15047709022201228
295,296,702.4834710743802,106.67,0.15184698913535802
296,297,659.8719008264463,78.16,0.1184472318068245
297,298,640.0070093457944,102.87,0.16073261463988056
298,299,627.2169421487604,202.01,0.32207357044269413
299,300,1112.0743801652893,231.1,0.20780984089000526
300,301,753.4793388429752,118.11,0.1567528051683101
301,302,407.4504132231405,244.11,0.5991158484021785
302,303,552.9628099173553,59.69,0.10794577669503874
303,304,984.8305785123966,177.97,0.1807112856597393
304,305,426.8884297520661,208.27,0.48787923374021125
305,306,475.81542056074767,77.79,0.16348776571453827
306,307,287.3181818181818,227.16,0.7906217370669197
307,308,454.82851239669424,53.85,0.11839627141280203
308,309,741.2623966942149,121.72,0.1642063600458231
309,310,1025.8677685950413,247.86,0.2416100861999517
310,311,724.0826446280992,116.69,0.1611556372269272
311,312,674.7892561983471,153.25,0.22710794309824311
312,313,900.3719008264463,121.79,0.13526632704575703
313,314,722.5144628099174,148.07,0.20493707409557416
314,315,385.448347107438,204.09,0.5294872880674539
315,316,326.83677685950414,39.77,0.12168153284994533
316,317,734.1658878504672,168.65,0.22971647524210514
317,318,821.8574380165289,127.86,0.15557442700595053
318,319,1066.654958677686,197.21,0.18488640435748585
319,320,2580.7706611570247,344.35,0.1334291361812131
320,321,540.7561983471074,128.07,0.2368350106600032
321,322,691.1446280991736,166.63,0.24109280926956717
322,323,782.4979338842975,110.75,0.14153392003252988
323,324,262.6219008264463,66.68,0.2539011399664855
324,325,854.5681818181819,113.3,0.13258158027712028
325,326,527.7541322314049,220.84,0.4184524317531408
326,327,1160.2685950413222,258.95,0.2231810816104849
327,328,480.14462809917353,126.39,0.26323318559318387
328,329,776.3305785123966,169.86,0.21879854368932042
329,330,569.3264462809917,250.72,0.44038003440342005
330,331,580.555785123967,70.01,0.12059133987451466
331,332,633.7438016528926,210.1,0.33152198009989176
332,333,1082.638429752066,219.83,0.20305024647087677
333,334,698.9690082644628,176.18,0.25205695519670357
334,335,3632.913223140496,436.88,0.12025610664664767
335,336,1837.547520661157,309.65,0.16851264879864802
336,337,272.1301652892562,197.55,0.7259393672510269
337,338,789.0619834710744,123.99,0.1571359444470629
338,339,246.6095041322314,47.12,0.19107130589230809
339,340,599.2541322314049,83.31,0.13902282106889075
340,341,947.9256198347107,140.16,0.14785970235137186
341,342,718.4719626168225,103.52,0.14408356259715258
342,343,891.8574380165289,108.17,0.12128620044989216
343,344,1467.8987603305786,260.87,0.1777166157843547
344,345,453.8738317757009,171.86,0.3786514841087626
345,346,780.9566115702479,125.79,0.1610716884092671
346,347,482.43801652892563,285.82,0.592449164882227
347,348,857.4906542056075,158.58,0.18493496019138653
348,349,954.75,191.24,0.20030374443571616
349,350,672.2851239669421,218.37,0.3248175397835187
350,351,437.93388429752065,171.08,0.3906525759577279
351,352,806.6880165289256,104.72,0.1298147460409746
352,353,1326.4793388429753,261.68,0.19727408662712456
353,354,655.3161157024794,147.28,0.22474649481513242
354,355,1400.202479338843,278.47,0.19887837945515557
355,356,402.22520661157023,204.55,0.5085459504718072
356,357,1262.6157024793388,248.47,0.19678988587904556
357,358,557.650826446281,64.06,0.11487475129954094
358,359,220.51859504132233,85.79,0.38903748676579436
359,360,276.2623966942149,34.56,0.12509845861597027
360,361,513.3161157024794,108.69,0.21174086820020527
361,362,1404.8264462809918,168.64,0.12004329819277107
362,363,344.6735537190083,62.85,0.18234645310570546
363,364,526.1652892561983,103.77,0.19721939496748658
364,365,493.8761682242991,130.48,0.2641957810378514
365,366,218.3987603305785,80.72,0.36959916749444205
366,367,507.7396694214876,137.27,0.27035508207661574
367,368,895.5805785123966,125.09,0.13967475735994705
368,369,539.8925619834711,129.23,0.23936243819553935
369,370,587.8925619834711,87.46,0.14876867927180712
370,371,410.89462809917353,118.16,0.28756764367209225
371,372,958.3863636363636,141.4,0.1475396618368944
372,373,398.4896694214876,224.79,0.5641049624356429
373,374,1052.6239669421489,273.67,0.2599883800812609
374,375,698.7789256198347,126.02,0.18034316059004935
375,376,1181.5537190082644,258.98,0.21918597168597173
376,377,896.8946280991736,169.9,0.18943139436577539
377,378,1202.5103305785124,305.22,0.25381902528285355
378,379,599.8326446280992,161.85,0.2698252611782212
379,380,1771.1880165289256,322.06,0.18183275688097475
380,381,813.8925619834711,228.74,0.2810444654298799
381,382,489.80371900826447,72.86,0.14875346423976546
382,383,2068.504132231405,195.54,0.09453208091446287
383,384,829.5867768595041,231.81,0.27942827256425584
384,385,607.3294392523364,80.22,0.13208646710549093
385,386,811.3780991735537,141.34,0.17419745510011284
386,387,1068.396694214876,257.67,0.24117446393762182
387,388,1382.0702479338843,213.89,0.1547605849411441
388,389,1173.5123966942149,231.08,0.1969131307440403
389,390,1005.7913223140496,208.93,0.20772698607034057
390,391,573.7665289256198,101.93,0.17765065555647583
391,392,908.6157024793389,153.43,0.16886126839029492
392,393,739.1632231404959,124.17,0.16798725384690638
393,394,559.8822314049587,72.2,0.1289556909474026
394,395,421.7623966942149,129.72,0.3075665375025106
395,396,995.50826446281,206.04,0.20696965294525407
396,397,683.099173553719,82.65,0.12099268041860747
397,398,770.7169421487604,144.9,0.18800676626624882
398,399,203.57009345794393,91.02,0.4471187218804517
399,400,1017.7004132231405,200.46,0.19697348787068564
400,401,541.8760330578513,114.46,0.21122912440709501
401,402,441.52685950413223,119.83,0.2713991174502454
402,403,681.7086776859504,95.14,0.13956108102210354
403,404,706.6673553719008,162.06,0.22932996517818768
404,405,609.1838842975206,237.39,0.3896852922722108
405,406,585.49173553719,211.4,0.3610640204955925
406,407,263.79906542056074,236.54,0.8966673161745169
407,408,587.2334710743802,207.46,0.35328367713856473
408,409,400.87603305785126,167.04,0.41668742011297566
409,410,1007.9380165289256,187.61,0.1861324773184761
410,411,595.6177685950413,77.72,0.1304863691077047
411,412,804.1705607476636,182.25,0.22663102691866294
412,413,823.2429906542056,235.25,0.28576010080942704
413,414,614.5185950413223,240.68,0.39165617109408357
414,415,486.9070247933884,155.11,0.31856184466802173
415,416,1185.2603305785124,292.79,0.24702590008820466
416,417,1030.4214876033059,235.05,0.22811053809321388
417,418,688.6962809917355,191.02,0.27736464574039466
418,419,1082.9710743801652,242.77,0.22417034558282048
419,420,374.9369158878505,245.72,0.6553635814124494
420,421,774.3884297520661,198.76,0.2566670579823054
421,422,429.6694214876033,220.91,0.5141394498942105
422,423,3039.6735537190084,412.49,0.13570207218315364
423,424,982.0185950413223,171.4,0.17453844648714384
424,425,157.0599173553719,145.88,0.9288175013483825
425,426,590.2706611570248,66.13,0.1120333507180835
426,427,538.5443925233645,60.87,0.11302689405935867
427,428,448.18457943925233,147.51,0.3291277896811123
428,429,545.5163551401869,200.44,0.36743169679759813
429,430,640.5981308411215,95.04,0.14836134453781513
430,431,1255.9545454545455,239.13,0.19039701784227858
431,432,1995.6694214876034,303.49,0.15207428481505408
432,433,646.75,126.83,0.19610359489756474
433,434,622.7289719626168,118.95,0.1910140773202065
434,435,304.99380165289256,266.67,0.8743456376975552
435,436,568.4586776859504,70.4,0.12384365436478226
436,437,666.0268595041322,139.95,0.2101266608139423
437,438,189.54132231404958,110.86,0.5848856526194162
438,439,667.5495867768595,123.47,0.1849600425882251
439,440,740.6157024793389,173.59,0.23438606475514565
440,441,519.8884297520661,78.13,0.15028224428318215
441,442,576.9834710743802,208.36,0.3611195301869226
442,443,176.43801652892563,105.26,0.5965834465314535
443,444,1011.5702479338843,320.99,0.317318545751634
444,445,1294.206611570248,306.73,0.2370023435654123
445,446,805.2272727272727,146.18,0.1815388089189952
446,447,786.896694214876,100.95,0.12828875853992827
447,448,933.1714876033058,146.08,0.1565414309594713
448,449,1285.2789256198348,288.47,0.22444155447494274
449,450,1359.8698347107438,250.97,0.18455442836805297
450,451,429.547520661157,187.11,0.43559790477198285
451,452,626.2314049586777,227.8,0.36376329611740177
452,453,1486.0123966942149,347.61,0.23392133253618455
453,454,897.3863636363636,165.07,0.1839452956819045
454,455,582.7644628099174,204.29,0.3505532904579909
455,456,1136.969008264463,207.12,0.18216855384313446
456,457,155.45560747663552,125.22,0.8055032689561884
457,458,666.8347107438017,81.42,0.12209922292314747
458,459,842.7892561983471,250.28,0.29696629158392784
459,460,442.051652892562,183.75,0.4156754053460339
460,461,603.305785123967,232.56,0.38547616438356164
461,462,774.6528925619834,147.0,0.1897624102503921
462,463,900.5061983471074,233.31,0.25908761142149156
463,464,1217.5702479338843,314.19,0.25804671273230795
464,465,759.198347107438,108.45,0.14284804545899873
465,466,712.5433884297521,156.8,0.22005677485204614
466,467,1502.0826446280992,244.18,0.16256096219023725
467,468,507.49380165289256,128.43,0.2530671302421965
468,469,1278.7623966942149,194.72,0.15227222860429684
469,470,634.5785123966942,165.34,0.26055089602000414
470,471,733.1191588785047,125.33,0.17095447374711178
471,472,876.4194214876034,98.02,0.11184142842661372
472,473,602.7334710743802,261.5,0.43385677509143944
473,474,557.8739669421487,62.79,0.11255230342467529
474,475,351.56198347107437,60.89,0.17319847669197677
475,476,546.9400826446281,125.89,0.2301714648362981
476,477,567.9626168224299,181.93,0.3203203778055683
477,478,889.7871900826447,99.42,0.11173458227777558
478,479,1670.940082644628,290.11,0.17362082758876518
479,480,577.3719008264463,121.54,0.210505568120008
480,481,587.7747933884298,176.88,0.30093158466410996
481,482,1150.095041322314,198.8,0.17285527965708908
482,483,527.6115702479339,119.5,0.22649237950533357
483,484,623.1280991735537,104.77,0.16813557298885257
484,485,388.7056074766355,210.6,0.5417982039599437
485,486,482.5165289256198,142.41,0.2951401484983172
486,487,624.2685950413223,84.41,0.13521423417817877
487,488,492.7603305785124,248.57,0.5044440158325506
488,489,818.3719008264463,139.87,0.1709125152742292
489,490,1324.5957943925234,258.81,0.19538790708503917
490,491,665.0351239669421,208.78,0.3139383056260621
491,492,1424.9158878504672,272.66,0.1913516456127924
492,493,1017.9111570247934,220.56,0.216679027907175
493,494,1231.2789256198348,245.57,0.1994430302430282
494,495,365.1652892561983,179.58,0.491777299988684
495,496,1064.0247933884298,212.54,0.19975098448895895
496,497,407.55371900826447,96.66,0.23717118870908868
497,498,815.857476635514,181.4,0.22234275617362617
498,499,612.49173553719,74.43,0.12152000701645496
499,500,330.8411214953271,235.2,0.7109152542372881
500,501,724.7850467289719,128.9,0.1778458324736951
501,502,1888.219008264463,339.82,0.17996853040492483
502,503,346.86570247933884,224.47,0.647138066391475
503,504,811.8925619834711,200.74,0.24724946304420853
504,505,554.6095041322315,95.06,0.17139987557323855
505,506,1071.4276859504132,248.37,0.23181219158032362
506,507,562.4690082644628,88.97,0.15817760390838798
507,508,552.1735537190083,87.36,0.15821112657716313
508,509,389.7107438016529,146.53,0.3759968190011664
509,510,1058.0826446280992,219.47,0.20742236073358952
510,511,1022.4338842975206,172.71,0.16892045798996885
511,512,2026.193925233645,342.57,0.16907068752587318
512,513,2675.3863636363635,393.96,0.14725349779556055
513,514,555.553738317757,90.29,0.1625225316157576
514,515,925.7210743801653,129.72,0.14012860200558422
515,516,949.5599173553719,158.22,0.1666245563951983
516,517,813.1859504132232,146.5,0.18015559654659002
517,518,638.3434579439253,217.68,0.34100764610502504
518,519,473.5681818181818,123.75,0.26131400873446275
519,520,284.62396694214874,226.74,0.7966300323756152
520,521,358.41322314049586,262.96,0.7336782881387197
521,522,804.3598130841121,105.06,0.1306131886390175
522,523,1674.8739669421489,369.32,0.220506143918563
523,524,1174.900826446281,414.94,0.35317023416782145
524,525,1102.0371900826447,240.08,0.2178510872051385
525,526,981.2768595041322,234.01,0.2384750009474921
526,527,933.4979338842975,208.87,0.22374982570222637
527,528,1211.3904958677685,209.74,0.17313987580012724
528,529,705.3615702479339,112.46,0.15943596127652718
529,530,959.6301652892562,326.67,0.34041239199846707
530,531,754.1053719008264,146.35,0.19407102170762247
531,532,1591.607438016529,304.0,0.1910018719055791
532,533,1122.4607438016528,209.97,0.18706222124869543
533,534,473.64252336448595,123.7,0.26116742880539073
534,535,1178.797520661157,304.85,0.25861099523607545
535,536,817.3636363636364,235.52,0.2881459237014793
536,537,760.6177685950413,128.85,0.16940177487307784
537,538,722.5661157024794,155.1,0.21465163758642578
538,539,1423.2733644859813,290.42,0.20405075177169912
539,540,291.2570093457944,225.81,0.7752946461518715
540,541,783.2913223140496,168.86,0.21557751910380285
541,542,445.54906542056074,130.73,0.293413251527308
542,543,305.8719008264463,199.21,0.6512857162156686
543,544,1576.6797520661157,292.5,0.1855164307252006
544,545,1303.3512396694214,236.03,0.1810946986630143
545,546,1556.8285123966941,301.43,0.19361798528211493
546,547,557.9906542056075,158.49,0.28403701532534964
547,548,370.56404958677683,272.05,0.7341510875201419
548,549,197.76239669421489,86.54,0.4375958293720029
549,550,466.702479338843,177.73,0.3808207752651803
550,551,659.3285123966942,105.37,0.15981411090045908
551,552,638.2665289256198,84.19,0.13190414377785906
552,553,800.7789256198347,176.9,0.2209099095147545
553,554,709.4462809917355,177.93,0.25080123015272066
554,555,389.8247663551402,207.67,0.5327265425994185
555,556,1058.5867768595042,186.37,0.17605547705111288
556,557,838.0061983471074,147.77,0.1763352112328801
557,558,346.3904958677686,209.42,0.6045777886467882
558,559,640.0619834710744,129.95,0.20302721198231055
559,560,2042.400826446281,300.75,0.1472531719071503
560,561,514.2210743801653,65.25,0.12689094875905546
561,562,4805.386363636364,377.65,0.07858889409138418
562,563,881.6322314049587,150.63,0.17085355393592838
563,564,614.6301652892562,250.72,0.40792010246032523
564,565,665.3037190082645,86.05,0.12933942429822953
565,566,460.97520661157023,139.93,0.30355211732224174
566,567,851.7665289256198,122.48,0.14379527234357375
567,568,518.396694214876,209.67,0.4044585977106782
568,569,615.1900826446281,90.98,0.147889250114189
569,570,624.1053719008264,118.39,0.18969553112388973
570,571,727.9182242990654,155.31,0.2133618788697765
571,572,529.4669421487604,87.08,0.16446730299459145
572,573,418.0210280373832,222.47,0.5321981074600504
573,574,830.9235537190083,98.22,0.11820581997031084
574,575,617.4789719626168,217.74,0.3526273928129529
575,576,904.702479338843,170.3,0.18823867944349543
576,577,441.8636363636364,88.76,0.20087645303981072
577,578,904.4462809917355,247.34,0.2734711891664687
578,579,1148.6797520661157,225.88,0.19664314583217168
579,580,2068.9152892561983,328.2,0.15863385113171652
580,581,739.8512396694215,142.35,0.1924035432631085
581,582,576.595041322314,64.47,0.11181157550739594
582,583,563.6714876033058,204.95,0.3635983094895113
583,584,546.9628099173553,220.31,0.40278789710270846
584,585,642.8863636363636,131.18,0.20404850284583026
585,586,2911.8305785123966,470.56,0.1616028087184938
586,587,642.3644859813085,111.48,0.1735463314565056
587,588,835.5289256198347,141.52,0.1693777386522122
588,589,585.2086776859504,228.69,0.39078367891654103
589,590,498.1694214876033,220.21,0.44203837189047507
590,591,628.2252066115702,233.52,0.3717138337373093
591,592,535.4318181818181,123.29,0.23026274459866722
592,593,1589.861570247934,318.31,0.20021239959297873
593,594,435.6012396694215,195.63,0.4491034050969734
594,595,2208.435950413223,265.65,0.120288750031575
595,596,890.5619834710744,74.68,0.08385716141724976
596,597,677.3842975206611,82.11,0.12121627309717131
597,598,909.8668224299065,109.64,0.1205011517039312
598,599,757.547520661157,184.35,0.243351070358077
599,600,785.3388429752066,124.17,0.15811009618420221
600,601,368.09090909090907,192.24,0.5222622869844407
601,602,780.6425619834711,109.3,0.1400128628937276
602,603,779.3140495867768,209.7,0.26908279160524723
603,604,539.7172897196261,103.77,0.19226732583257936
604,605,632.4731404958678,271.2,0.4287929125138427
605,606,790.2210743801653,118.99,0.15057811523608572
606,607,530.0495867768595,234.86,0.44309061993264315
607,608,1185.0206611570247,299.59,0.2528141574405021
608,609,183.81198347107437,117.84,0.6410898668015512
609,610,384.5599173553719,162.25,0.42191084582032695
610,611,410.06775700934577,190.92,0.46558159410628513
611,612,390.24532710280374,249.92,0.6404176620266426
612,613,718.3842975206611,127.68,0.1777321698715552
613,614,1228.956611570248,180.4,0.14679118717584458
614,615,1550.090909090909,247.55,0.15970031083220926
615,616,666.3719008264463,146.92,0.22047748384616334
616,617,432.8987603305785,110.15,0.25444748309254833
617,618,639.7210743801653,235.91,0.36877009285425916
618,619,535.0350467289719,201.57,0.3767416755824363
619,620,654.5934579439253,83.31,0.12726983288478974
620,621,749.4566115702479,139.57,0.1862282590416748
621,622,544.7520661157025,233.64,0.4288923613744974
622,623,773.99173553719,173.67,0.22438224082517377
623,624,629.595041322314,91.04,0.14460088473503893
624,625,520.551652892562,90.55,0.17395007680186705
625,626,1041.7417355371902,169.77,0.16296745556849127
626,627,459.39462809917353,111.63,0.24299369903799017
627,628,969.5289256198347,126.03,0.12999096434325266
628,629,243.52803738317758,52.1,0.21393840544948672
629,630,984.5971074380166,273.65,0.2779309404148611
630,631,808.1880165289256,96.48,0.1193781620449787
631,632,849.5330578512396,200.66,0.2362003434069275
632,633,198.26869158878506,103.13,0.5201527239302843
633,634,814.6611570247934,162.51,0.19948170917280417
634,635,561.7995867768595,118.16,0.21032411340475374
635,636,902.7990654205607,122.82,0.13604356130207712
636,637,869.7663551401869,104.74,0.12042314511363025
637,638,466.1588785046729,144.97,0.31098839190841837
638,639,453.82851239669424,169.07,0.3725415997049892
639,640,1123.7004132231405,224.82,0.2000711198059834
640,641,192.72727272727272,99.14,0.5144056603773585
641,642,443.00206611570246,185.89,0.41961429577497633
642,643,946.5640495867768,223.3,0.23590585348924015
643,644,803.8271028037383,255.32,0.31763049430586154
644,645,1132.8987603305786,242.87,0.21437926185843015
645,646,884.1191588785047,103.04,0.1165453762258756
646,647,852.5619834710744,135.11,0.1584752811167119
647,648,498.0330578512397,86.75,0.17418522451959775
648,649,490.68801652892563,306.78,0.6252037744270357
649,650,500.60280373831773,50.8,0.1014776577770725
650,651,1188.400826446281,243.92,0.2052506145838042
651,652,862.9214876033058,117.91,0.13664047273580524
652,653,417.8863636363636,222.55,0.5325610485669223
653,654,625.8801652892562,133.77,0.21373101021371557
654,655,864.9173553719008,137.61,0.159101906263437
655,656,351.93595041322317,204.54,0.5811852973810739
656,657,968.4834710743802,201.64,0.20820179798867616
657,658,550.3429752066115,87.49,0.15897359272579834
658,659,567.7913223140496,77.71,0.13686366266270272
659,660,458.2056074766355,161.9,0.353334829077262
660,661,722.8037190082645,117.93,0.1631563270894731
661,662,968.4979338842975,129.16,0.13336115182196168
662,663,798.2252066115702,183.0,0.22925860832787615
663,664,751.0433884297521,119.97,0.15973777527131675
664,665,452.2706611570248,94.2,0.20828235853064656
665,666,821.0020661157025,158.32,0.19283751714418731
666,667,997.1342975206611,141.47,0.14187657605576312
667,668,978.6095041322315,189.42,0.19356035190764428
668,669,143.86682242990653,171.58,1.1926307754770606
669,670,585.303738317757,68.46,0.11696491158037602
670,671,430.5327102803738,128.69,0.2989087633229861
671,672,493.9400826446281,124.27,0.25158921975847776
672,673,728.7086776859504,145.07,0.19907818369979727
673,674,348.75,56.3,0.1614336917562724
674,675,431.5330578512397,164.7,0.3816625331558636
675,676,2593.4297520661157,462.06,0.17816561240260673
676,677,448.696261682243,112.34,0.250369814936316
677,678,1042.2623966942149,216.8,0.20800903945842544
678,679,985.6900826446281,243.57,0.24710606740254132
679,680,976.853305785124,166.88,0.17083424810225106
680,681,396.24793388429754,137.86,0.3479134860050891
681,682,2668.115702479339,348.81,0.13073271135725836
682,683,824.9194214876034,191.09,0.23164686758786857
683,684,783.6588785046729,166.15,0.21201827039468585
684,685,467.8264462809917,150.54,0.3217859981981027
685,686,696.1880165289256,187.3,0.2690365182294372
686,687,625.6632231404959,82.29,0.1315244319251307
687,688,461.6735537190083,210.91,0.45683795032445734
688,689,607.2107438016529,62.12,0.10230385518391234
689,690,704.1859504132232,114.8,0.16302512132290375
690,691,415.3347107438017,151.61,0.3650308921411587
691,692,738.75826446281,130.28,0.17634997301144706
692,693,421.87396694214874,182.37,0.43228550299480384
693,694,985.2733644859813,147.22,0.1494204606625136
694,695,477.8429752066116,150.3,0.3145384735121673
695,696,1278.7314049586778,264.92,0.20717407813141253
696,697,1281.4462809917356,245.92,0.19190816162007027
697,698,714.7190082644628,146.19,0.2045419225032088
698,699,911.9566115702479,256.34,0.28108793417114686
699,700,624.5061983471074,223.46,0.3578187063498103
700,701,796.3621495327103,97.09,0.12191689428857275
701,702,435.72429906542055,207.06,0.4752087511394713
702,703,444.91322314049586,209.61,0.47112557932181043
703,704,903.2768595041322,248.14,0.27471090108100443
704,705,1205.7479338842975,281.87,0.23377191208776146
705,706,486.51869158878503,147.47,0.3031127119051049
706,707,848.0247933884298,286.21,0.33750192474491036
707,708,511.44628099173553,244.26,0.47758681425224203
708,709,1127.3946280991736,260.53,0.23109033297352372
709,710,472.14953271028037,318.78,0.675167458432304
710,711,648.5280373831775,196.06,0.30231537990416835
711,712,482.46495327102804,106.64,0.22103159882805878
712,713,1230.9938016528927,243.19,0.19755582820438367
713,714,414.27479338842977,192.25,0.4640639572288526
714,715,625.2190082644628,146.83,0.23484570695888385
715,716,422.6051401869159,183.62,0.4344954250172771
716,717,687.8140495867768,180.7,0.2627163549633225
717,718,647.25826446281,118.45,0.1830026845594737
718,719,163.0303738317757,131.08,0.8040219556587415
719,720,666.6487603305785,85.71,0.12856845328490227
720,721,941.8037190082645,98.77,0.10487323208280225
721,722,2021.1198347107438,273.09,0.13511816336169089
722,723,428.801652892562,119.33,0.2782871735569047
723,724,875.3099173553719,107.57,0.1228936150123923
724,725,550.3780991735537,102.13,0.18556334300612276
725,726,978.5413223140496,310.79,0.31760539173250796
726,727,331.8801652892562,227.78,0.6863320674842807
727,728,577.1900826446281,187.21,0.32434722222222223
728,729,1003.202479338843,286.34,0.28542592935845945
729,730,1272.2913223140497,216.48,0.17014971037157206
730,731,1204.599173553719,167.17,0.1387764525081214
731,732,303.49380165289256,101.06,0.33298867868010973
732,733,3535.9545454545455,347.81,0.09836382100757157
733,734,705.4731404958678,222.31,0.3151218483580271
734,735,429.9028925619835,177.67,0.41327937791063707
735,736,467.29906542056074,166.52,0.3563456730865383
736,737,824.8925619834711,214.39,0.259900512964373
737,738,884.3388429752066,103.83,0.11740974720807439
738,739,709.9205607476636,102.67,0.14462181499838733
739,740,434.1694214876033,158.62,0.36534125193920186
740,741,671.9400826446281,115.82,0.17236655914937318
741,742,1093.185950413223,277.84,0.25415621184573106
742,743,289.33264462809916,175.92,0.6080198804601641
743,744,1036.1448598130842,255.72,0.24679946783322432
744,745,259.8429752066116,67.69,0.26050348271365414
745,746,471.99793388429754,162.06,0.3433489605904214
746,747,882.103305785124,97.94,0.11103007930893946
747,748,455.5929752066116,210.18,0.46133283750629234
748,749,813.6322314049587,162.76,0.2000412394171631
749,750,504.1565420560748,244.54,0.48504775719601995
750,751,464.53512396694214,100.64,0.2166466964662975
751,752,375.16322314049586,169.64,0.45217651820970484
752,753,963.0123966942149,146.48,0.15210603778604498
753,754,1198.2210743801652,308.13,0.25715621815397827
754,755,1136.206611570248,238.74,0.2101202347960809
755,756,2955.630165289256,445.85,0.1508476957760263
756,757,660.2871900826447,203.93,0.30885045638167713
757,758,583.4772727272727,89.28,0.153013671951077
758,759,810.2830578512396,266.22,0.32855185286235555
759,760,1079.7520661157025,241.47,0.22363467278989665
760,761,761.9380165289256,209.43,0.27486487805671705
761,762,167.9214876033058,182.79,1.0885444299529985
762,763,749.8305785123966,140.94,0.18796245983941276
763,764,327.7314049586777,261.45,0.797756931573174
764,765,751.2933884297521,190.62,0.2537224510898561
765,766,667.1542056074767,147.65,0.2213131518305538
766,767,225.60537190082644,83.14,0.3685195937468519
767,768,1722.6818181818182,210.83,0.12238475949233489
768,769,4768.039256198347,523.83,0.10986276996755688
769,770,604.5454545454545,74.07,0.1225218045112782
770,771,852.1658878504672,111.41,0.13073745568603368
771,772,610.6136363636364,243.04,0.39802583094502547
772,773,1018.0206611570248,180.39,0.1771967965708858
773,774,260.1219008264463,39.3,0.1510830109849959
774,775,501.7289719626168,73.56,0.1466130203967589
775,776,428.39462809917353,117.37,0.27397635801546233
776,777,437.9297520661157,236.23,0.5394244142707517
777,778,739.0560747663551,147.77,0.1999442329822077
778,779,876.0103305785124,212.89,0.24302224821870377
779,780,732.1280991735537,141.26,0.19294437702836179
780,781,617.5123966942149,87.83,0.14223196241919725
781,782,381.68801652892563,159.92,0.41898092964592903
782,783,574.297520661157,84.7,0.14748453014822277
783,784,663.0454545454545,127.24,0.1919023788304655
784,785,523.0847107438017,121.85,0.2329450612822062
785,786,708.6528925619834,210.11,0.2964921221733705
786,787,1417.952479338843,224.4,0.15825636138711244
787,788,1389.745867768595,245.96,0.17698199771942372
788,789,428.18595041322317,190.31,0.4444564325764082
789,790,629.8119834710744,103.22,0.1638901810523277
790,791,1030.73347107438,197.08,0.19120364820846908
791,792,875.6797520661157,92.38,0.10549518791776871
792,793,581.00826446281,208.76,0.359306420869961
793,794,656.8780991735537,170.17,0.2590587206577569
794,795,349.0330578512397,185.07,0.5302363081003006
795,796,570.400826446281,82.77,0.14510848540608676
796,797,308.17056074766356,273.62,0.8878849405217708
797,798,320.88429752066116,67.9,0.2116027506631983
798,799,1139.4338842975208,240.12,0.21073622902485284
799,800,380.3595041322314,163.23,0.4291466316121112
800,801,371.3801652892562,151.06,0.4067530097692325
801,802,486.20661157024796,155.41,0.3196377760024477
802,803,613.5743801652893,234.29,0.3818444960770448
803,804,366.49766355140184,250.0,0.6821325887250497
804,805,726.7757009345794,138.2,0.19015495402816177
805,806,538.7710280373832,72.21,0.13402725135953233
806,807,695.7376033057851,137.92,0.1982356557194487
807,808,756.6322314049587,150.54,0.19896059637912672
808,809,1012.5454545454545,233.41,0.23051804632788653
809,810,610.3615702479339,260.97,0.42756623732715
810,811,580.4731404958678,75.11,0.12939444525518864
811,812,976.1735537190083,237.07,0.2428564050898685
812,813,807.5351239669421,111.36,0.13790112243409824
813,814,879.4318181818181,130.5,0.1483912650213206
814,815,745.1705607476636,160.09,0.21483672119222533
815,816,269.3884297520661,42.53,0.15787611976929686
816,817,3021.46694214876,481.41,0.15932989147901724
817,818,592.2665289256198,68.82,0.11619768573591434
818,819,687.4338842975206,168.12,0.24456170089986115
819,820,1358.1588785046729,262.45,0.19323954226103232
820,821,808.2396694214876,210.42,0.26034356882112947
821,822,538.1528925619834,101.3,0.1882364684834105
822,823,204.59710743801654,95.25,0.46554910376167635
823,824,1039.6177685950413,243.03,0.23376860933074975
824,825,677.8504672897196,176.09,0.25977705776919896
825,826,968.1198347107438,186.47,0.19261045308064964
826,827,2211.9194214876034,383.05,0.17317538617314718
827,828,734.8512396694215,153.43,0.208790557486195
828,829,986.2809917355372,140.17,0.14211974191385954
829,830,486.21487603305786,116.44,0.23948259450639106
830,831,2025.4752066115702,383.75,0.18946171187253272
831,832,711.1115702479339,123.46,0.17361551290320706
832,833,643.1446280991736,215.94,0.3357565165990966
833,834,808.047520661157,104.14,0.12887855891790997
834,835,830.1322314049587,87.79,0.10575423610696295
835,836,475.15495867768595,114.81,0.24162643765626698
836,837,590.5537190082645,205.69,0.34830023650587066
837,838,1035.2479338842975,161.7,0.15619446772841575
838,839,474.48553719008265,97.48,0.20544356436505828
839,840,860.5537190082645,202.73,0.235580877198037
840,841,525.0681818181819,235.96,0.44938925680647535
841,842,1419.0654205607477,195.08,0.13747075869336142
842,843,938.5578512396694,274.81,0.2928002782535189
843,844,572.900826446281,179.52,0.3133526636949842
844,845,334.89256198347107,224.19,0.6694385765756873
845,846,806.7851239669421,181.85,0.22540078466723348
846,847,921.0826446280992,263.79,0.2863912391992894
847,848,628.4855371900826,80.01,0.1273060321447005
848,849,812.301652892562,223.47,0.2751071590267427
849,850,806.5702479338843,116.77,0.1447735027409191
850,851,588.4042056074767,260.6,0.44289282353268183
851,852,726.6880165289256,137.72,0.18951736765638283
852,853,1281.0289256198348,238.45,0.18613943466157432
853,854,628.0971074380166,84.71,0.13486768048579106
854,855,568.5495867768595,87.57,0.15402350478599305
855,856,906.9504132231405,191.67,0.21133459691455336
856,857,636.551652892562,127.48,0.20026654462480242
857,858,339.3130841121495,221.47,0.6527010314957378
858,859,917.7546728971963,151.41,0.16497872957925044
859,860,484.8057851239669,114.01,0.23516633567160747
860,861,424.07851239669424,166.51,0.39263955879057166
861,862,1034.047520661157,226.91,0.2194386577658603
862,863,1362.8719008264463,419.62,0.3078939405424253
863,864,761.547520661157,138.93,0.182431163165477
864,865,803.4690082644628,146.9,0.18283219201859705
865,866,614.2231404958678,224.87,0.3661047348663231
866,867,409.8884297520661,207.06,0.5051618561793675
867,868,485.5599173553719,100.12,0.20619494406644795
868,869,314.34504132231405,41.76,0.13284764990830994
869,870,637.3326446280992,89.12,0.13983278708719515
870,871,443.0805785123967,221.47,0.4998413623624977
871,872,1050.4938016528927,237.61,0.22618886434754218
872,873,575.7458677685951,199.98,0.34734074735969506
873,874,656.4173553719008,209.16,0.31863874147797017
874,875,432.84090909090907,197.58,0.4564725649776845
875,876,946.3347107438017,297.05,0.31389528105391395
876,877,753.7334710743802,157.01,0.20830970896940024
877,878,290.49793388429754,41.64,0.14334009004203382
878,879,437.61915887850466,250.96,0.5734666659548
879,880,989.7438016528926,135.2,0.13660100702243672
880,881,506.12396694214874,88.3,0.17446318642739342
881,882,756.6280991735537,133.19,0.17603099877665154
882,883,459.42561983471074,147.18,0.3203565357390202
883,884,490.7710280373832,151.63,0.30896281837657696
884,885,919.1528925619834,111.71,0.12153581945287387
885,886,776.3429752066115,130.48,0.16807004657351962
886,887,722.7045454545455,134.15,0.18562218937702443
887,888,955.4380165289256,143.34,0.15002543076603697
888,889,572.3078512396694,201.78,0.35257248273447006
889,890,412.2102803738318,199.66,0.4843644360808497
890,891,898.9814049586777,302.53,0.3365253144628792
891,892,661.448347107438,144.03,0.21774942915777734
892,893,1030.8504672897195,177.19,0.17188719957208004
893,894,1294.0557851239669,299.49,0.23143515406587337
894,895,812.4256198347107,172.31,0.21209326219310606
895,896,388.3305785123967,111.0,0.28583893760108964
896,897,420.44628099173553,211.18,0.5022758186893108
897,898,659.5681818181819,185.42,0.281123324489163
898,899,699.1735537190083,167.38,0.23939692671394797
899,900,692.8971962616822,160.14,0.23111653628270837
900,901,805.0888429752066,119.48,0.14840598157895413
901,902,790.0771028037383,107.35,0.1358728149683723
902,903,676.9579439252336,124.23,0.18351213855276147
903,904,183.65654205607476,113.98,0.6206149736021882
904,905,1575.9318181818182,274.28,0.17404306254596846
905,906,464.42148760330576,93.78,0.20192864133819735
906,907,763.2892561983471,190.05,0.24898817644383814
907,908,313.62603305785126,169.57,0.5406757798346453
908,909,1274.266355140187,319.95,0.25108565309707254
909,910,486.01446280991735,122.89,0.25285255769860265
910,911,1136.551652892562,229.04,0.20152185729270247
911,912,272.9028925619835,46.5,0.17039027898701592
912,913,421.4876033057851,97.47,0.23125235294117646
913,914,948.8615702479339,285.8,0.3012030510681569
914,915,523.3247663551402,97.28,0.18588839331556412
915,916,512.0309917355372,61.95,0.12098877021099737
916,917,694.8099173553719,151.64,0.218246740888762
917,918,402.547520661157,154.98,0.384998023948715
918,919,845.873831775701,102.21,0.12083362336134174
919,920,532.0350467289719,108.07,0.2031257163685549
920,921,1015.1528925619834,244.74,0.2410868370599226
921,922,652.1838842975206,74.28,0.11389425864150012
922,923,234.4400826446281,57.34,0.24458274947342448
923,924,413.9070247933884,225.46,0.5447117021329699
924,925,1483.9338842975208,299.69,0.20195643698901733
925,926,685.0743801652893,183.69,0.2681314691051222
926,927,787.4276859504132,168.69,0.21422919591199507
927,928,873.4648760330579,152.24,0.17429435822470118
928,929,578.0888429752066,77.86,0.1346851802212334
929,930,1489.6962809917356,290.3,0.19487193712179945
930,931,701.9504132231405,201.6,0.2871997739474428
931,932,669.5747663551402,107.33,0.16029576589968525
932,933,725.8884297520661,185.51,0.25556269034810575
933,934,243.25413223140495,59.97,0.24653229710791183
934,935,758.9648760330579,162.45,0.21404152567519374
935,936,1145.8078512396694,265.17,0.23142623757823616
936,937,558.8884297520661,80.4,0.1438569770278963
937,938,1221.185950413223,279.16,0.22859745471648957
938,939,533.4111570247934,114.47,0.21459993570153116
939,940,686.448347107438,79.99,0.11652734009348634
940,941,694.1542056074767,151.01,0.21754532174568658
941,942,400.34504132231405,220.86,0.5516741240768552
942,943,566.7045454545455,79.61,0.14047884499699217
943,944,1532.2148760330579,307.53,0.2007094467038479
944,945,669.75826446281,192.88,0.2879845016241829
945,946,676.8842975206611,198.84,0.2937577378118018
946,947,956.5185950413223,263.92,0.27591727057705395
947,948,2634.6694214876034,357.54,0.13570582976520962
948,949,640.3615702479339,237.11,0.37027518673270204
949,950,701.047520661157,183.28,0.2614373414046866
950,951,539.400826446281,71.55,0.132647182747922
951,952,661.2219626168225,228.34,0.3453303321872913
952,953,685.4938016528926,141.31,0.20614336651807377
953,954,1160.3822314049587,196.76,0.16956481638103715
954,955,423.09090909090907,240.57,0.5686012032660077
955,956,422.5495867768595,179.62,0.4250862043674272
956,957,1079.3677685950413,246.75,0.22860604807681265
957,958,286.47727272727275,206.47,0.7207203490678302
958,959,948.9752066115702,156.87,0.1653046348387996
959,960,414.5723140495868,107.9,0.26026822424783086
960,961,638.301652892562,91.11,0.1427381545811781
961,962,843.2252066115702,264.5,0.3136765812099843
962,963,937.7086776859504,252.22,0.26897479569285954
963,964,1028.4338842975208,216.77,0.21077679694311738
964,965,759.3719008264463,132.93,0.1750525662792216
965,966,776.1632231404959,124.15,0.15995346893359208
966,967,1182.3863636363637,228.42,0.19318558385391635
967,968,1109.107438016529,216.76,0.1954364316478145
968,969,757.5681818181819,132.69,0.17515255152551523
969,970,300.40495867768595,261.07,0.86906022173925
970,971,805.1136363636364,218.3,0.2711418489767114
971,972,403.099173553719,208.75,0.5178626345463865
972,973,989.5578512396694,142.81,0.14431697936719382
973,974,1965.2757009345794,232.74,0.11842613221611674
974,975,544.1446280991736,68.86,0.1265472384438386
975,976,908.8636363636364,130.73,0.14383895973993496
976,977,473.63084112149534,145.72,0.3076657754274495
977,978,811.6776859504132,235.75,0.2904478022257746
978,979,806.0702479338843,91.46,0.11346405630828066
979,980,696.896694214876,154.59,0.22182627824653572
980,981,953.0,117.05,0.12282266526757607
981,982,252.7706611570248,54.09,0.21398844214122822
982,983,1719.8264462809918,379.34,0.22056876774996514
983,984,265.6818181818182,34.37,0.12936526946107782
984,985,966.8223140495868,144.43,0.14938629146347196
985,986,612.4710743801653,132.6,0.21650002024045661
986,987,806.8884297520661,217.87,0.27001254692293114
987,988,953.4814049586777,92.02,0.0965094856820915
988,989,398.67289719626166,160.91,0.4036140934877397
989,990,531.8264462809917,118.12,0.22210253142919303
990,991,448.9235537190083,138.15,0.30773613648810977
991,992,254.00619834710744,36.78,0.14479961606975816
992,993,951.7004132231405,148.67,0.15621512603582538
993,994,402.2706611570248,220.14,0.547243488667122
994,995,660.1694214876034,92.79,0.14055482877548336
995,996,862.6280991735537,125.89,0.1459377455019257
996,997,508.96487603305786,238.88,0.46934476473477604
997,998,451.5847107438017,153.13,0.3390947398280618
998,999,610.9628099173553,92.86,0.15198961130311864
999,1000,882.4135514018692,111.14,0.12595001496003155
1000,1001,225.2293388429752,70.76,0.3141686618781591
1001,1002,611.4090909090909,86.51,0.1414928258122073
1002,1003,997.9380165289256,218.32,0.21877110239709152
1003,1004,562.9766355140187,241.28,0.4285790648837538
1004,1005,697.5681818181819,166.92,0.23928843710292244
1005,1006,720.2293388429752,109.74,0.1523681334285739
1006,1007,1029.8161157024792,206.83,0.2008416811955918
1007,1008,580.7314049586777,68.64,0.11819577762439785
1008,1009,564.4883177570093,182.94,0.3240811089358074
